seq,t_ms,pid_tick,base_speed,speed_plan,speed_out,steer_out,err,lookahead,trend,yaw10,ra_yaw10,ra_hard_target10,ra_outer_cmd,yaw_rate_dps,duty_left,duty_right,left_speed,right_speed,ra_timer,ra_hard_cnt,tf_us,inter_us,battery_x10,valid_rows,ra_flag,ra_pre,ra_phase,ra_dir,ra_ip_row,ra_slow_row,ra_turn_row,ra_exit_reason,route_step,route_flag,route_action,post_edge_side,speed_reason,line_lost,inter_type,sym_component,ip_max_row,ip_visual_row,ip_ctrl_row,ip_ctrl_dir,ip_ctrl_score,ip_ctrl_reason,fast_ra_type,fast_front,fast_left,fast_right,line_takeover_ready,line_takeover_cnt,exit_boost_active,exit_boost_cnt,hard_outer_dynamic,yaw_pred,yaw_remain,outer_scale,takeover_valid_rows,takeover_error,takeover_lookahead,takeover_trend,box_top,box_bottom,box_left,box_right,pre_detail,turn_mark,hard_enter_ip,hard_enter_tick,pre_seen_frames
0,48,6,2552,2552,2930,167,6,8,2,-10,0,0,0,-9,3098,2762,-4,0,0,0,3522,1260,121,53,0,0,0,0,0,0,0,0,0,0,0,0,6,0,0,0,0,0,0,0,0,0,0,1,0,0,0,0,0,0,0,0,0,100,0,0,0,0,0,0,0,0,0,0,0,0,0
1,96,12,2552,2552,2866,-363,6,6,0,15,0,0,0,75,2502,3229,136,118,0,0,3457,1406,121,53,0,0,0,0,0,0,0,0,0,0,0,0,6,0,0,0,0,0,0,0,0,0,0,1,0,0,0,0,0,0,0,0,0,100,0,0,0,0,0,0,0,0,0,0,0,0,0
2,144,18,2552,2552,2750,-114,0,0,0,39,0,0,0,24,2635,2864,395,323,0,0,3513,1405,121,53,0,0,0,0,0,0,0,0,0,0,0,0,6,0,0,0,0,0,0,0,0,0,0,1,0,0,0,0,0,0,0,0,0,100,0,0,0,0,0,0,0,0,0,0,0,0,0
3,192,24,2552,2552,2597,3,-2,-4,-2,42,0,0,0,2,2601,2594,662,665,0,0,3485,1261,121,53,0,0,0,0,0,0,0,0,0,0,0,0,6,0,0,0,0,0,0,0,0,0,0,1,0,0,0,0,0,0,0,0,0,100,0,0,0,0,0,0,0,0,0,0,0,0,0
4,240,30,2552,2552,2470,45,-4,-4,0,40,0,0,0,-8,2516,2424,912,923,0,0,6649,1406,120,53,0,0,0,0,0,0,0,0,0,0,0,0,6,0,0,0,0,0,0,0,0,0,0,1,0,0,0,0,0,0,0,0,0,100,0,0,0,0,0,0,0,0,0,0,0,0,0
5,288,36,2552,2552,2378,-257,-6,-6,0,45,0,0,0,15,2121,2635,1099,1104,0,0,3418,1262,120,53,0,0,0,0,0,0,0,0,0,0,0,0,6,0,0,0,0,0,0,0,0,0,0,1,0,0,0,0,0,0,0,0,0,100,0,0,0,0,0,0,0,0,0,0,0,0,0
6,336,42,2552,2552,2317,-521,-12,-10,2,56,0,0,0,8,1796,2838,1230,1218,0,0,3420,1405,120,53,0,0,0,0,0,0,0,0,0,0,0,0,6,0,0,0,0,0,0,0,0,0,0,1,0,0,0,0,0,0,0,0,0,100,0,0,0,0,0,0,0,0,0,0,0,0,0
7,384,48,2552,2552,2297,-294,-12,-8,4,19,0,0,0,-39,2003,2592,1266,1261,0,0,3506,1408,120,53,0,0,0,0,0,0,0,0,0,0,0,0,6,0,0,0,0,0,0,0,0,0,0,1,0,0,0,0,0,0,0,0,0,100,0,0,0,0,0,0,0,0,0,0,0,0,0
8,432,54,2552,2552,2240,328,-12,-8,4,-7,0,0,0,-113,2569,1912,1370,1385,0,0,3490,1224,120,51,0,0,0,0,0,0,0,0,0,0,0,0,6,0,0,0,0,0,0,0,0,0,0,1,0,0,0,0,0,0,0,0,0,100,0,0,0,0,0,0,0,0,0,0,0,0,0
9,480,60,2552,2552,2212,-465,-10,-6,4,-10,0,0,0,-5,1746,2677,1413,1457,0,0,6910,1312,120,48,0,0,0,0,0,0,0,0,0,0,0,0,6,0,0,0,0,0,0,0,0,0,0,1,0,0,0,0,0,0,0,0,0,100,0,0,0,0,0,0,0,0,0,0,0,0,0
10,528,66,2552,2552,2198,-159,-8,-2,6,-31,0,0,0,-33,2039,2357,1436,1487,0,0,3582,1109,120,45,0,0,0,0,0,0,0,0,0,0,0,0,6,0,0,0,0,0,0,0,0,0,0,1,0,0,0,0,0,0,0,0,0,100,0,0,0,0,0,0,0,0,0,0,0,0,0
11,552,69,2217,1520,1673,84,-4,0,4,-41,0,0,0,-45,1757,1589,1466,1506,0,0,3579,1052,120,42,0,1,0,0,0,0,0,0,0,0,0,0,10,0,0,0,0,0,0,0,0,0,0,1,0,0,0,0,0,0,0,0,0,100,0,0,0,0,0,0,0,0,7,0,0,0,1
12,560,70,1882,1520,1321,99,-4,0,4,-43,0,0,0,-41,1421,1221,1464,1508,0,0,3579,1052,120,42,0,1,0,0,0,0,0,0,0,0,0,0,10,0,0,0,0,0,0,0,0,0,0,1,0,0,0,0,0,0,0,0,0,100,0,0,0,0,0,0,0,0,7,0,0,0,2
13,568,71,1547,1520,970,28,-4,0,4,-45,0,0,0,-25,998,941,1464,1508,0,0,3579,1052,120,42,0,1,0,0,0,0,0,0,0,0,0,0,10,0,0,0,0,0,0,0,0,0,0,1,0,0,0,0,0,0,0,0,0,100,0,0,0,0,0,0,0,0,7,0,0,0,3
14,576,72,1547,0,865,-985,-2,2,4,-42,0,800,1850,4,-120,1850,1456,1500,1,1,6016,987,120,38,1,0,3,1,12,38,18,0,0,0,0,0,0,0,0,0,0,0,0,0,0,0,0,1,0,0,0,0,0,0,1850,1,798,100,38,-2,2,4,0,0,0,0,0,5,12,72,3
15,584,73,1547,0,865,-985,-2,2,4,-42,0,800,1850,4,-120,1850,1463,1506,2,2,6016,987,120,38,1,0,3,1,12,38,18,0,0,0,0,0,0,0,0,0,0,0,0,0,0,0,0,1,0,0,0,0,0,0,1850,1,798,100,38,-2,2,4,0,0,0,0,0,0,12,72,3
16,592,74,1547,0,865,-985,-2,2,4,-45,2,800,1850,-19,-120,1850,1475,1523,3,3,6016,987,120,38,1,0,3,1,12,38,18,0,0,0,0,0,0,0,0,0,0,0,0,0,0,0,0,1,0,0,0,0,0,0,1850,8,791,100,38,-2,2,4,0,0,0,0,0,0,12,72,3
17,600,75,1547,0,865,-985,-2,-12,-10,-52,9,800,1850,-59,-120,1850,1475,1523,4,4,9517,945,120,36,1,1,3,1,12,38,18,0,0,0,0,0,0,0,0,0,0,0,0,0,0,0,0,1,0,0,0,0,0,0,1850,27,772,100,36,-2,-12,-10,0,0,0,0,71,0,12,72,3
18,608,76,1547,0,865,-985,-2,-12,-10,-73,30,800,1850,-148,-120,1850,1472,1501,5,5,9517,945,120,36,1,1,3,1,12,38,18,0,0,0,0,0,0,0,0,0,0,0,0,0,0,0,0,1,0,0,0,0,0,0,1850,75,724,100,36,-2,-12,-10,0,0,0,0,7,2,12,72,3
19,616,77,1547,0,865,-985,0,-24,-24,-96,54,800,1850,-199,-120,1850,1428,1464,6,6,7819,866,120,32,1,1,3,1,12,38,18,0,0,0,0,0,0,0,0,0,0,0,0,0,0,0,0,1,0,0,0,0,0,0,1850,113,686,100,32,0,-24,-24,0,0,0,0,7,0,12,72,3
20,624,78,1547,0,1455,-1455,0,-24,-24,-107,64,800,2910,-206,0,2910,1363,1456,7,7,7819,866,120,32,1,1,3,1,12,38,18,0,0,0,0,0,0,0,0,0,0,0,0,0,0,0,0,1,0,0,0,0,0,0,1850,126,673,100,32,0,-24,-24,0,0,0,0,7,0,12,72,3
21,632,79,1547,0,1438,-1438,0,-24,-24,-130,87,800,2877,-217,0,2877,1296,1482,8,8,7399,866,120,32,1,1,3,1,12,38,18,0,0,0,0,0,0,0,0,0,0,0,0,0,0,0,0,1,0,0,0,0,0,0,1850,152,647,100,32,0,-24,-24,0,0,0,0,7,0,12,72,3
22,640,80,1547,0,1426,-1426,4,-44,-48,-142,99,800,2853,-225,0,2853,1296,1482,9,9,7399,1629,120,25,0,1,3,1,66,38,18,0,0,0,0,0,0,0,4,0,66,66,66,0,100,1,0,1,0,0,0,0,0,0,1850,167,632,100,25,4,-44,-48,5,41,31,91,7,0,12,72,3
23,648,81,1547,0,1296,-1296,4,-44,-48,-179,136,800,2593,-312,0,2593,1145,1489,10,10,7399,1629,120,25,0,1,3,1,66,38,18,0,0,0,0,0,0,0,4,0,66,66,66,0,100,1,0,1,0,0,0,0,0,0,1850,230,569,100,25,4,-44,-48,5,41,31,91,7,0,12,72,3
24,656,82,1547,0,1189,-1189,6,-64,-70,-222,179,800,2379,-383,0,2379,953,1468,11,11,7403,677,120,21,0,1,3,1,66,38,18,0,0,0,0,0,0,0,0,0,0,0,76,0,100,1,0,1,0,1,0,0,0,0,1850,294,505,100,21,6,-64,-70,0,0,0,0,7,0,12,72,3
25,664,83,1547,0,1166,-1166,6,-64,-70,-243,200,800,2332,-399,0,2332,775,1459,12,12,7403,677,120,21,0,1,3,1,66,38,18,0,0,0,0,0,0,0,0,0,0,0,76,0,100,1,0,1,0,1,0,0,0,0,1850,320,479,100,21,6,-64,-70,0,0,0,0,7,0,12,72,3
26,672,84,1547,0,1129,-1129,-10,-82,-72,-287,245,800,2259,-423,0,2259,742,1478,13,13,5190,1371,120,22,0,1,3,1,74,38,18,0,0,0,0,0,0,0,4,0,74,74,74,0,100,1,0,1,0,0,0,0,0,0,1850,372,427,100,22,-10,-82,-72,9,45,33,93,7,0,12,72,3
27,680,85,1547,0,1152,-1152,-10,-82,-72,-306,264,800,2304,-408,0,2304,742,1478,14,14,5190,1371,120,22,0,1,3,1,74,38,18,0,0,0,0,0,0,0,4,0,74,74,74,0,100,1,0,1,0,0,0,0,0,0,1850,386,413,100,22,-10,-82,-72,9,45,33,93,7,0,12,72,3
28,688,86,1547,0,1173,-1173,-10,-82,-72,-344,302,800,2347,-394,0,2347,768,1485,15,15,5190,1371,120,22,0,1,3,1,74,38,18,0,0,0,0,0,0,0,4,0,74,74,74,0,100,1,0,1,0,0,0,0,0,0,1850,420,379,100,22,-10,-82,-72,9,45,33,93,7,0,12,72,3
29,696,87,1547,0,1177,-1177,-26,-62,-36,-384,341,800,2355,-391,0,2355,722,1465,16,16,4587,2922,120,16,0,1,3,1,74,38,18,0,0,0,0,0,0,0,0,0,0,0,80,0,100,1,0,0,0,0,0,0,0,0,1850,458,341,100,16,-26,-62,-36,0,0,0,0,7,0,12,72,3
30,704,88,1547,0,1138,-1138,-26,-62,-36,-407,364,800,2276,-417,0,2276,641,1445,17,17,4587,2922,120,16,0,1,3,1,74,38,18,0,0,0,0,0,0,0,0,0,0,0,80,0,100,1,0,0,0,0,0,0,0,0,1850,489,310,100,16,-26,-62,-36,0,0,0,0,7,0,12,72,3
31,712,89,1547,0,932,-932,-26,-62,-36,-449,406,800,1865,-419,0,1865,641,1445,18,18,7443,2922,120,16,0,1,3,1,74,38,18,0,0,0,0,0,0,0,0,0,0,0,80,0,100,1,0,0,0,0,0,0,0,0,1443,532,267,78,16,-26,-62,-36,0,0,0,0,7,0,12,72,3
32,720,90,1547,0,917,-917,-42,-42,0,-471,429,800,1835,-429,0,1835,553,1448,19,19,7443,3914,120,13,0,1,3,1,86,38,18,0,0,0,0,0,0,0,4,0,86,86,86,0,100,1,0,0,0,0,0,0,0,0,1443,558,241,78,13,-42,-42,0,15,51,33,93,7,0,12,72,3
33,728,91,1547,0,986,-986,-42,-42,0,-507,465,800,1972,-383,0,1972,457,1432,20,20,7443,3914,120,13,0,1,3,1,86,38,18,0,0,0,0,0,0,0,4,0,86,86,86,0,100,1,0,0,0,0,0,0,0,0,1443,580,219,78,13,-42,-42,0,15,51,33,93,7,0,12,72,3
34,736,92,1547,0,1036,-1036,-58,-22,36,-540,498,800,2073,-349,0,2073,531,1391,21,21,4163,3200,120,11,0,1,3,1,86,38,18,0,0,0,0,0,0,0,0,0,0,0,90,0,100,1,0,0,0,0,0,0,0,0,1443,603,196,78,11,-58,-22,36,0,0,0,0,7,0,12,72,3
35,744,93,1547,0,1062,-1062,-58,-22,36,-555,513,800,2125,-332,0,2125,529,1361,22,22,4163,3200,120,11,0,1,3,1,86,38,18,0,0,0,0,0,0,0,0,0,0,0,90,0,100,1,0,0,0,0,0,0,0,0,1443,612,187,78,11,-58,-22,36,0,0,0,0,7,0,12,72,3
36,752,94,1547,0,750,-750,-66,-2,64,-589,546,800,1500,-332,0,1500,529,1361,23,23,3351,4039,120,3,0,1,3,1,106,38,18,0,0,0,0,0,0,0,0,0,106,106,106,0,100,1,0,0,0,0,0,0,0,0,1100,646,153,52,3,-66,-2,64,23,59,33,93,7,0,12,72,3
37,760,95,1547,0,750,-750,-66,-2,64,-605,562,800,1500,-328,0,1500,447,1336,24,24,3351,4039,120,3,0,1,3,1,106,38,18,0,0,0,0,0,0,0,0,0,106,106,106,0,100,1,0,0,0,0,0,0,0,0,1100,661,138,52,3,-66,-2,64,23,59,33,93,7,0,12,72,3
38,768,96,1547,0,750,-750,-66,-2,64,-640,597,800,1500,-337,0,1500,397,1307,25,25,3351,4039,120,3,0,1,3,1,106,38,18,0,0,0,0,0,0,0,0,0,106,106,106,0,100,1,0,0,0,0,0,0,0,0,1100,699,100,52,3,-66,-2,64,23,59,33,93,7,0,12,72,3
39,776,97,1547,0,750,-750,-70,0,70,-673,630,800,1500,-331,0,1500,367,1257,26,26,5241,4226,120,1,0,1,3,1,110,38,18,0,0,0,0,0,0,0,0,0,110,110,110,0,100,1,0,0,0,0,0,0,0,0,1100,730,69,25,1,-70,0,70,23,59,33,93,7,0,12,72,3
40,784,98,1547,0,750,-750,-70,0,70,-688,645,800,1500,-322,0,1500,368,1218,27,27,5241,4226,120,1,0,1,3,1,110,38,18,0,0,0,0,0,0,0,0,0,110,110,110,0,100,1,0,0,0,0,0,0,0,0,1100,742,57,25,1,-70,0,70,23,59,33,93,7,0,12,72,3
41,792,99,1547,0,997,-997,-70,0,70,-718,676,800,1995,-311,0,1995,368,1218,28,28,3184,4172,120,1,0,1,3,1,110,38,18,0,0,0,0,0,0,0,4,0,110,110,110,0,100,1,0,0,0,0,0,0,0,0,1100,769,30,25,1,-70,0,70,23,59,33,93,7,0,12,72,3
42,800,100,1547,0,1001,-1001,-70,0,70,-733,691,800,2003,-308,0,2003,439,1184,29,29,3184,4172,120,1,0,1,3,1,110,38,18,0,0,0,0,0,0,0,4,0,110,110,110,0,100,1,0,0,0,0,0,0,0,0,1100,783,16,25,1,-70,0,70,23,59,33,93,7,0,12,72,3
43,808,101,1547,0,1400,951,-70,0,70,-767,724,800,2003,-326,2351,448,458,1154,30,30,3187,4172,120,1,0,0,4,1,110,38,18,2,0,0,0,0,0,0,4,0,110,110,106,0,100,1,0,0,0,0,0,0,0,0,1100,823,-23,25,1,-70,0,70,23,59,33,93,0,0,12,72,0
44,816,102,1547,0,1400,990,-70,0,70,-802,759,800,2003,-338,2390,409,501,1126,31,30,3187,3889,120,1,0,0,4,1,110,38,18,2,0,0,0,0,0,0,0,0,0,0,110,0,100,1,0,0,0,0,0,0,0,0,1100,823,-23,25,1,-70,0,70,0,0,0,0,0,0,12,72,0
45,824,103,1547,0,1400,912,-70,0,70,-815,773,800,2003,-315,2312,487,501,1126,32,30,3187,3889,120,1,0,0,4,1,110,38,18,2,0,0,0,0,0,0,0,0,0,0,110,0,100,1,0,0,0,0,0,0,0,0,1100,823,-23,25,1,-70,0,70,0,0,0,0,0,0,12,72,0
46,832,104,1547,0,1400,423,-70,0,70,-823,780,800,2003,-175,1823,976,504,1086,33,30,7149,3889,120,1,0,0,4,1,110,38,18,2,0,0,0,0,0,0,0,1,0,0,110,0,100,1,0,0,0,0,0,0,0,0,1100,823,-23,25,1,-70,0,70,0,0,0,0,0,0,12,72,0
47,840,105,1547,0,1400,180,-60,-20,40,-822,779,800,2003,-106,1580,1219,549,1055,34,30,7149,3795,120,48,0,0,4,1,110,38,18,2,0,0,0,0,0,0,0,1,0,0,106,0,100,1,0,1,0,0,0,0,0,0,1100,823,-23,25,48,-60,-20,40,0,0,0,0,0,0,12,72,0
48,848,106,1547,0,1400,0,-60,-20,40,-816,773,800,2003,-9,1400,1400,615,1013,35,30,7149,3795,120,48,0,0,4,1,110,38,18,2,0,0,0,0,0,0,0,1,0,0,106,0,100,1,0,1,0,0,0,0,0,0,1100,823,-23,25,48,-60,-20,40,0,0,0,0,0,0,12,72,0
49,856,107,1547,0,1400,0,-64,-40,24,-809,767,800,2003,34,1400,1400,710,964,36,30,4637,4070,120,49,0,0,4,1,110,38,18,2,0,0,0,0,0,0,4,1,84,84,102,0,100,1,0,1,0,0,0,0,0,0,1100,823,-23,25,49,-64,-40,24,14,50,33,93,0,0,12,72,0
50,864,108,1547,0,1400,0,-64,-40,24,-806,764,800,2003,42,1400,1400,710,964,37,30,4637,4070,120,49,0,0,4,1,110,38,18,2,0,0,0,0,0,0,4,1,84,84,102,0,100,1,0,1,0,0,0,0,0,0,1100,823,-23,25,49,-64,-40,24,14,50,33,93,0,0,12,72,0
51,872,109,1547,0,1400,0,-64,-40,24,-805,763,800,2003,25,1400,1400,779,916,38,30,4925,4070,120,49,0,0,4,1,110,38,18,2,0,0,0,0,0,0,4,1,84,84,98,0,100,1,0,1,0,0,0,0,0,0,1100,823,-23,25,49,-64,-40,24,14,50,33,93,0,0,12,72,0
52,880,110,1547,0,1400,0,-68,-60,8,-804,761,800,2003,29,1400,1400,806,880,39,30,4925,4151,120,50,0,0,4,1,110,38,18,2,0,0,0,0,0,0,0,1,0,0,98,0,100,1,0,1,0,0,0,0,0,0,1100,823,-23,25,50,-68,-60,8,0,0,0,0,0,0,12,72,0
53,888,111,1547,0,1400,0,-68,-60,8,-801,759,800,2003,24,1400,1400,817,852,40,30,4925,4151,120,50,0,0,4,1,110,38,18,2,0,0,0,0,0,0,0,0,0,0,98,0,100,1,0,1,0,0,0,0,0,0,1100,823,-23,25,50,-68,-60,8,0,0,0,0,0,0,12,72,0
54,896,112,1547,0,1400,0,-74,-64,10,-799,756,800,2003,24,1400,1400,825,834,41,30,6611,1620,120,49,0,0,5,1,110,38,18,2,1,1,1,0,0,0,0,1,0,0,94,0,100,1,0,1,0,0,0,0,0,0,1100,823,-23,25,49,-74,-64,10,0,0,0,0,0,0,12,72,0
55,904,113,1547,0,1400,0,-74,-64,10,-798,756,800,2003,18,1400,1400,825,834,42,30,6611,1620,120,49,0,0,5,1,110,38,18,2,1,1,1,0,0,0,0,1,0,0,94,0,100,1,0,1,0,0,0,0,0,0,1100,823,-23,25,49,-74,-64,10,0,0,0,0,0,0,12,72,0
56,912,114,1547,0,1350,0,-76,-70,6,-798,755,800,2003,11,1350,1350,831,824,43,30,4746,1476,120,42,0,0,5,1,110,38,18,2,1,1,1,0,0,0,4,1,78,78,90,0,100,1,0,1,0,0,0,0,0,0,1100,823,-23,25,42,-76,-70,6,11,47,33,93,0,8,12,72,0
57,920,115,1547,0,1350,0,-76,-70,6,-798,756,800,2003,4,1350,1350,839,817,44,30,4746,1476,120,42,0,0,5,1,110,38,18,2,1,1,1,0,0,0,4,1,78,78,90,0,100,1,0,1,0,0,0,0,0,0,1100,823,-23,25,42,-76,-70,6,11,47,33,93,0,8,12,72,0
58,928,116,1547,0,1400,0,0,0,0,-800,757,800,2003,-7,1400,1400,842,815,45,30,3016,212,120,0,0,0,5,1,110,38,18,2,1,1,1,0,0,1,0,0,0,0,86,0,100,1,0,0,0,0,0,0,0,0,1100,823,-23,25,0,0,0,0,0,0,0,0,0,0,12,72,0
59,936,117,1547,0,1400,0,0,0,0,-802,759,800,2003,-15,1400,1400,842,815,46,30,3016,212,120,0,0,0,5,1,110,38,18,2,1,1,1,0,0,1,0,0,0,0,86,0,100,1,0,0,0,0,0,0,0,0,1100,823,-23,25,0,0,0,0,0,0,0,0,0,0,12,72,0
60,944,118,1547,0,1400,0,0,0,0,-803,761,800,2003,-18,1400,1400,841,817,47,30,3016,212,120,0,0,0,5,1,110,38,18,2,1,1,1,0,0,1,0,0,0,0,86,0,100,1,0,0,0,0,0,0,0,0,1100,823,-23,25,0,0,0,0,0,0,0,0,0,0,12,72,0
61,952,119,1547,0,1400,0,0,0,0,-806,763,800,2003,-23,1400,1400,823,827,48,30,6426,282,120,0,0,0,5,1,110,38,18,2,1,1,1,0,0,1,0,0,0,0,82,0,100,1,0,0,0,0,0,0,0,0,1100,823,-23,25,0,0,0,0,0,0,0,0,0,0,12,72,0
62,960,120,2461,770,2265,-323,0,0,0,-807,0,0,0,-22,1941,2589,806,823,0,0,6426,282,120,0,0,0,0,0,0,0,0,0,1,1,1,0,2,1,0,0,0,0,82,0,100,1,0,0,0,0,0,0,0,0,1100,823,-23,25,0,0,0,0,0,0,0,0,0,0,12,72,0
63,968,121,2126,770,1917,-276,0,0,0,-810,0,0,0,-27,1641,2193,798,817,0,0,3018,206,120,0,0,0,0,0,0,0,0,0,1,1,1,0,2,1,0,0,0,0,78,0,100,1,0,0,0,0,0,0,0,0,1100,823,-23,25,0,0,0,0,0,0,0,0,0,0,12,72,0
64,976,122,1791,770,1565,-116,0,0,0,-813,0,0,0,-31,1448,1682,798,817,0,0,3018,206,120,0,0,0,0,0,0,0,0,0,1,1,1,0,2,1,0,0,0,0,78,0,100,1,0,0,0,0,0,0,0,0,1100,823,-23,25,0,0,0,0,0,0,0,0,0,0,12,72,0
65,984,123,1456,770,1216,16,0,0,0,-816,0,0,0,-36,1232,1200,794,810,0,0,3018,206,120,0,0,0,0,0,0,0,0,0,1,1,1,0,2,1,0,0,0,0,78,0,100,1,0,0,0,0,0,0,0,0,1100,823,-23,25,0,0,0,0,0,0,0,0,0,0,12,72,0
66,992,124,1121,770,865,205,0,0,0,-821,0,0,0,-44,1071,660,794,806,0,0,3154,220,120,0,0,0,0,0,0,0,0,0,1,1,1,0,2,1,0,0,0,0,74,0,100,1,0,0,0,0,0,0,0,0,1100,823,-23,25,0,0,0,0,0,0,0,0,0,0,12,72,0
67,1000,125,786,770,510,247,0,0,0,-823,0,0,0,-44,757,263,792,805,0,0,3154,220,120,0,0,0,0,0,0,0,0,0,1,1,1,0,2,1,0,0,0,0,74,0,100,1,0,0,0,0,0,0,0,0,1100,823,-23,25,0,0,0,0,0,0,0,0,0,0,12,72,0
68,1008,126,770,770,626,196,0,0,0,-826,0,0,0,-34,823,430,802,818,0,0,3154,220,120,0,0,0,0,0,0,0,0,0,1,1,1,0,2,1,0,0,0,0,74,0,100,1,0,0,0,0,0,0,0,0,1100,823,-23,25,0,0,0,0,0,0,0,0,0,0,12,72,0
69,1016,127,770,770,619,146,0,0,0,-828,0,0,0,-25,766,473,802,818,0,0,5076,249,120,0,0,0,0,0,0,0,0,0,1,1,1,0,2,1,0,0,0,0,70,0,100,1,0,0,0,0,0,0,0,0,1100,823,-23,25,0,0,0,0,0,0,0,0,0,0,12,72,0
70,1024,128,770,770,601,115,0,0,0,-828,0,0,0,-19,716,485,791,839,0,0,5076,249,120,0,0,0,0,0,0,0,0,0,1,1,1,0,2,1,0,0,0,0,70,0,100,1,0,0,0,0,0,0,0,0,1100,823,-23,25,0,0,0,0,0,0,0,0,0,0,12,72,0
71,1032,129,770,770,591,115,0,0,0,-830,0,0,0,-18,707,476,779,834,0,0,5076,251,120,0,0,0,0,0,0,0,0,0,1,1,1,0,2,1,0,0,0,0,66,0,100,1,0,0,0,0,0,0,0,0,1100,823,-23,25,0,0,0,0,0,0,0,0,0,0,12,72,0
72,1040,130,770,770,595,92,0,0,0,-830,0,0,0,-15,687,502,765,810,0,0,5076,251,120,0,0,0,0,0,0,0,0,0,1,1,1,0,2,1,0,0,0,0,66,0,100,1,0,0,0,0,0,0,0,0,1100,823,-23,25,0,0,0,0,0,0,0,0,0,0,12,72,0
73,1048,131,770,770,588,98,0,0,0,-832,0,0,0,-15,686,490,765,810,0,0,5076,251,120,0,0,0,0,0,0,0,0,0,1,1,1,0,2,1,0,0,0,0,66,0,100,1,0,0,0,0,0,0,0,0,1100,823,-23,25,0,0,0,0,0,0,0,0,0,0,12,72,0
74,1056,132,770,770,602,126,0,0,0,-834,0,0,0,-19,728,475,751,778,0,0,5076,249,120,0,0,0,0,0,0,0,0,0,1,1,1,0,2,1,0,0,0,0,62,0,100,1,0,0,0,0,0,0,0,0,1100,823,-23,25,0,0,0,0,0,0,0,0,0,0,12,72,0
75,1064,133,770,770,624,130,0,0,0,-835,0,0,0,-20,754,493,735,748,0,0,5076,249,120,0,0,0,0,0,0,0,0,0,1,1,1,0,2,1,0,0,0,0,62,0,100,1,0,0,0,0,0,0,0,0,1100,823,-23,25,0,0,0,0,0,0,0,0,0,0,12,72,0
76,1072,134,770,770,654,80,0,0,0,-836,0,0,0,-13,735,573,715,722,0,0,6432,250,120,0,0,0,0,0,0,0,0,0,1,1,1,0,2,1,0,0,0,0,58,0,100,1,0,0,0,0,0,0,0,0,1100,823,-23,25,0,0,0,0,0,0,0,0,0,0,12,72,0
77,1080,135,770,770,695,56,0,0,0,-836,0,0,0,-9,751,638,686,700,0,0,6432,250,120,0,0,0,0,0,0,0,0,0,1,1,1,0,2,1,0,0,0,0,58,0,100,1,0,0,0,0,0,0,0,0,1100,823,-23,25,0,0,0,0,0,0,0,0,0,0,12,72,0
78,1088,136,770,770,712,43,0,0,0,-837,0,0,0,-7,755,668,686,700,0,0,6432,250,120,0,0,0,0,0,0,0,0,0,1,1,1,0,2,1,0,0,0,0,58,0,100,1,0,0,0,0,0,0,0,0,1100,823,-23,25,0,0,0,0,0,0,0,0,0,0,12,72,0
79,1096,137,770,770,721,45,0,0,0,-837,0,0,0,-7,766,676,668,680,0,0,5073,256,120,0,0,0,0,0,0,0,0,0,1,1,1,0,2,1,0,0,0,0,54,0,100,1,0,0,0,0,0,0,0,0,1100,823,-23,25,0,0,0,0,0,0,0,0,0,0,12,72,0
80,1104,138,770,770,730,51,0,0,0,-838,0,0,0,-8,782,679,647,664,0,0,5073,256,120,0,0,0,0,0,0,0,0,0,1,1,1,0,2,1,0,0,0,0,54,0,100,1,0,0,0,0,0,0,0,0,1100,823,-23,25,0,0,0,0,0,0,0,0,0,0,12,72,0
81,1112,139,770,770,743,159,0,0,0,-841,0,0,0,-23,902,583,620,642,0,0,5066,252,120,0,0,0,0,0,0,0,0,0,1,1,1,0,2,1,0,0,0,0,50,0,100,1,0,0,0,0,0,0,0,0,1100,823,-23,25,0,0,0,0,0,0,0,0,0,0,12,72,0
82,1120,140,770,770,754,130,0,0,0,-842,0,0,0,-21,885,623,601,615,0,0,5066,252,120,0,0,0,0,0,0,0,0,0,1,1,1,0,2,1,0,0,0,0,50,0,100,1,0,0,0,0,0,0,0,0,1100,823,-23,25,0,0,0,0,0,0,0,0,0,0,12,72,0
83,1128,141,770,770,754,87,0,0,0,-843,0,0,0,-14,841,667,601,615,0,0,5066,252,120,0,0,0,0,0,0,0,0,0,1,1,1,0,2,1,0,0,0,0,50,0,100,1,0,0,0,0,0,0,0,0,1100,823,-23,25,0,0,0,0,0,0,0,0,0,0,12,72,0
84,1136,142,770,770,766,37,0,0,0,-843,0,0,0,-6,803,728,577,593,0,0,5066,253,120,0,0,0,0,0,0,0,0,0,1,1,1,0,2,1,0,0,0,0,46,0,100,1,0,0,0,0,0,0,0,0,1100,823,-23,25,0,0,0,0,0,0,0,0,0,0,12,72,0
85,1144,143,770,770,776,54,0,0,0,-843,0,0,0,-8,831,721,558,569,0,0,5066,253,120,0,0,0,0,0,0,0,0,0,1,1,1,0,2,1,0,0,0,0,46,0,100,1,0,0,0,0,0,0,0,0,1100,823,-23,25,0,0,0,0,0,0,0,0,0,0,12,72,0
86,1152,144,770,770,786,23,0,0,0,-843,0,0,0,-4,809,763,537,551,0,0,5066,251,120,0,0,0,0,0,0,0,0,0,1,1,1,0,2,1,0,0,0,0,42,0,100,1,0,0,0,0,0,0,0,0,1100,823,-23,25,0,0,0,0,0,0,0,0,0,0,12,72,0
87,1160,145,770,770,786,63,0,0,0,-844,0,0,0,-9,849,723,537,551,0,0,5066,251,120,0,0,0,0,0,0,0,0,0,1,1,1,0,2,1,0,0,0,0,42,0,100,1,0,0,0,0,0,0,0,0,1100,823,-23,25,0,0,0,0,0,0,0,0,0,0,12,72,0
88,1168,146,770,770,795,45,0,0,0,-845,0,0,0,-7,840,750,521,531,0,0,5066,251,120,0,0,0,0,0,0,0,0,0,1,1,1,0,2,1,0,0,0,0,42,0,100,1,0,0,0,0,0,0,0,0,1100,823,-23,25,0,0,0,0,0,0,0,0,0,0,12,72,0
89,1176,147,770,770,802,150,0,0,0,-848,0,0,0,-22,953,652,510,513,0,0,5066,251,120,0,0,0,0,0,0,0,0,0,1,1,1,0,2,1,0,0,0,0,38,0,100,1,0,0,0,0,0,0,0,0,1100,823,-23,25,0,0,0,0,0,0,0,0,0,0,12,72,0
90,1184,148,770,770,809,125,0,0,0,-849,0,0,0,-20,935,683,498,497,0,0,5066,251,120,0,0,0,0,0,0,0,0,0,1,1,1,0,2,1,0,0,0,0,38,0,100,1,0,0,0,0,0,0,0,0,1100,823,-23,25,0,0,0,0,0,0,0,0,0,0,12,72,0
91,1192,149,770,770,815,79,0,0,0,-850,0,0,0,-13,894,736,486,487,0,0,6419,251,120,0,0,0,0,0,0,0,0,0,1,1,1,0,2,1,0,0,0,0,34,0,100,1,0,0,0,0,0,0,0,0,1100,823,-23,25,0,0,0,0,0,0,0,0,0,0,12,72,0
92,1200,150,770,770,815,-10,0,0,0,-849,0,0,0,-2,805,825,486,487,0,0,6419,251,120,0,0,0,0,0,0,0,0,0,1,1,1,0,2,1,0,0,0,0,34,0,100,1,0,0,0,0,0,0,0,0,1100,823,-23,25,0,0,0,0,0,0,0,0,0,0,12,72,0
93,1208,151,770,770,822,-45,0,0,0,-848,0,0,0,6,776,868,470,474,0,0,6419,251,120,0,0,0,0,0,0,0,0,0,1,1,1,0,2,1,0,0,0,0,34,0,100,1,0,0,0,0,0,0,0,0,1100,823,-23,25,0,0,0,0,0,0,0,0,0,0,12,72,0
94,1216,152,770,770,830,-151,0,0,0,-845,0,0,0,22,678,981,449,465,0,0,5066,251,120,0,0,0,0,0,0,0,0,0,1,1,1,0,2,1,0,0,0,0,30,0,100,1,0,0,0,0,0,0,0,0,1100,823,-23,25,0,0,0,0,0,0,0,0,0,0,12,72,0
95,1224,153,770,770,836,-137,0,0,0,-844,0,0,0,21,699,973,437,451,0,0,5066,251,120,0,0,0,0,0,0,0,0,0,1,1,1,0,2,1,0,0,0,0,30,0,100,1,0,0,0,0,0,0,0,0,1100,823,-23,25,0,0,0,0,0,0,0,0,0,0,12,72,0
96,1232,154,770,770,845,-88,0,0,0,-843,0,0,0,14,757,933,421,431,0,0,5066,252,120,0,0,0,0,0,0,0,0,0,1,1,1,0,2,1,0,0,0,0,26,0,100,1,0,0,0,0,0,0,0,0,1100,823,-23,25,0,0,0,0,0,0,0,0,0,0,12,72,0
97,1240,155,770,770,845,-93,0,0,0,-842,0,0,0,14,751,939,421,431,0,0,5066,252,120,0,0,0,0,0,0,0,0,0,1,1,1,0,2,1,0,0,0,0,26,0,100,1,0,0,0,0,0,0,0,0,1100,823,-23,25,0,0,0,0,0,0,0,0,0,0,12,72,0
98,1248,156,770,770,852,11,0,0,0,-843,0,0,0,0,863,841,414,411,0,0,5066,252,120,0,0,0,0,0,0,0,0,0,1,1,1,0,2,1,0,0,0,0,26,0,100,1,0,0,0,0,0,0,0,0,1100,823,-23,25,0,0,0,0,0,0,0,0,0,0,12,72,0
99,1256,157,770,770,859,0,0,0,0,-843,0,0,0,3,859,859,399,396,0,0,5066,251,120,0,0,0,0,0,0,0,0,0,1,1,1,0,2,1,0,0,0,0,22,0,100,1,0,0,0,0,0,0,0,0,1100,823,-23,25,0,0,0,0,0,0,0,0,0,0,12,72,0
100,1264,158,770,770,865,0,0,0,0,-843,0,0,0,2,865,865,385,389,0,0,5066,251,120,0,0,0,0,0,0,0,0,0,1,1,1,0,2,1,0,0,0,0,22,0,100,1,0,0,0,0,0,0,0,0,1100,823,-23,25,0,0,0,0,0,0,0,0,0,0,12,72,0
101,1272,159,770,770,865,-61,0,0,0,-841,0,0,0,8,803,926,385,389,0,0,5066,251,120,0,0,0,0,0,0,0,0,0,1,1,1,0,2,1,0,0,0,0,18,0,100,1,0,0,0,0,0,0,0,0,1100,823,-23,25,0,0,0,0,0,0,0,0,0,0,12,72,0
102,1280,160,770,770,870,-70,0,0,0,-841,0,0,0,10,800,941,375,376,0,0,5066,251,120,0,0,0,0,0,0,0,0,0,1,1,1,0,2,1,0,0,0,0,18,0,100,1,0,0,0,0,0,0,0,0,1100,823,-23,25,0,0,0,0,0,0,0,0,0,0,12,72,0
103,1288,161,770,770,874,-36,0,0,0,-840,0,0,0,6,838,910,369,367,0,0,5066,251,120,0,0,0,0,0,0,0,0,0,1,1,1,0,2,1,0,0,0,0,18,0,100,1,0,0,0,0,0,0,0,0,1100,823,-23,25,0,0,0,0,0,0,0,0,0,0,12,72,0
104,1296,162,770,770,878,-78,0,0,0,-839,0,0,0,11,800,957,364,355,0,0,5066,252,120,0,0,0,0,0,0,0,0,0,1,1,1,0,2,1,0,0,0,0,14,0,100,1,0,0,0,0,0,0,0,0,1100,823,-23,25,0,0,0,0,0,0,0,0,0,0,12,72,0
105,1304,163,770,770,878,-71,0,0,0,-838,0,0,0,11,807,949,364,355,0,0,5066,252,120,0,0,0,0,0,0,0,0,0,1,1,1,0,2,1,0,0,0,0,14,0,100,1,0,0,0,0,0,0,0,0,1100,823,-23,25,0,0,0,0,0,0,0,0,0,0,12,72,0
106,1312,164,770,770,878,-87,0,0,0,-837,0,0,0,13,791,966,364,355,0,0,6421,252,120,0,0,0,0,0,0,0,0,0,1,1,1,0,2,1,0,0,0,0,10,0,100,1,0,0,0,0,0,0,0,0,1100,823,-23,25,0,0,0,0,0,0,0,0,0,0,12,72,0
107,1320,165,770,770,878,-123,0,0,0,-836,0,0,0,18,755,1002,364,355,0,0,6421,252,120,0,0,0,0,0,0,0,0,0,1,1,1,0,2,1,0,0,0,0,10,0,100,1,0,0,0,0,0,0,0,0,1100,823,-23,25,0,0,0,0,0,0,0,0,0,0,12,72,0
108,1328,166,770,770,888,-106,0,0,0,-834,0,0,0,17,782,994,346,335,0,0,6421,252,120,0,0,0,0,0,0,0,0,0,1,1,1,0,2,1,0,0,0,0,10,0,100,1,0,0,0,0,0,0,0,0,1100,823,-23,25,0,0,0,0,0,0,0,0,0,0,12,72,0
109,1336,167,770,770,891,-121,0,0,0,-832,0,0,0,19,769,1013,341,328,0,0,5066,252,120,0,0,0,0,0,0,0,0,0,1,1,1,0,2,1,0,0,0,0,6,0,100,1,0,0,0,0,0,0,0,0,1100,823,-23,25,0,0,0,0,0,0,0,0,0,0,12,72,0
110,1344,168,770,770,893,-87,0,0,0,-832,0,0,0,14,806,980,337,323,0,0,5066,252,120,0,0,0,0,0,0,0,0,0,1,1,1,0,2,1,0,0,0,0,6,0,100,1,0,0,0,0,0,0,0,0,1100,823,-23,25,0,0,0,0,0,0,0,0,0,0,12,72,0
111,1352,169,770,770,893,-63,0,0,0,-831,0,0,0,10,830,956,337,323,0,0,5068,255,120,0,0,0,0,0,0,0,0,0,1,1,1,0,2,1,0,0,0,0,2,0,100,1,0,0,0,0,0,0,0,0,1100,823,-23,25,0,0,0,0,0,0,0,0,0,0,12,72,0
112,1360,170,770,770,895,-81,0,0,0,-830,0,0,0,12,814,976,334,317,0,0,5068,255,120,0,0,0,0,0,0,0,0,0,1,1,1,0,2,1,0,0,0,0,2,0,100,1,0,0,0,0,0,0,0,0,1100,823,-23,25,0,0,0,0,0,0,0,0,0,0,12,72,0
113,1368,171,770,770,897,-82,0,0,0,-829,0,0,0,13,815,979,334,311,0,0,5068,255,120,0,0,0,0,0,0,0,0,0,1,1,1,0,2,1,0,0,0,0,2,0,100,1,0,0,0,0,0,0,0,0,1100,823,-23,25,0,0,0,0,0,0,0,0,0,0,12,72,0
114,1376,172,770,770,897,-127,0,0,0,-826,0,0,0,19,770,1025,330,313,0,0,5067,255,120,0,0,0,0,0,0,0,0,0,1,1,1,0,2,1,0,0,0,0,0,0,100,1,0,0,0,0,0,0,0,0,1100,823,-23,25,0,0,0,0,0,0,0,0,0,0,12,72,0
115,1384,173,770,770,897,-108,0,0,0,-826,0,0,0,17,789,1006,330,313,0,0,5067,255,120,0,0,0,0,0,0,0,0,0,1,1,1,0,2,1,0,0,0,0,0,0,100,1,0,0,0,0,0,0,0,0,1100,823,-23,25,0,0,0,0,0,0,0,0,0,0,12,72,0
116,1392,174,770,770,897,-121,0,0,0,-824,0,0,0,19,775,1019,328,316,0,0,5074,253,120,0,0,0,0,0,0,0,0,0,1,1,1,0,2,1,0,0,0,0,0,0,100,1,0,0,0,0,0,0,0,0,1100,823,-23,25,0,0,0,0,0,0,0,0,0,0,12,72,0
117,1400,175,770,770,898,-130,0,0,0,-823,0,0,0,20,767,1028,325,316,0,0,5074,253,120,0,0,0,0,0,0,0,0,0,1,1,1,0,2,1,0,0,0,0,0,0,100,1,0,0,0,0,0,0,0,0,1100,823,-23,25,0,0,0,0,0,0,0,0,0,0,12,72,0
118,1408,176,770,770,898,-42,0,0,0,-823,0,0,0,8,856,941,322,317,0,0,5074,253,120,0,0,0,0,0,0,0,0,0,1,1,1,0,2,1,0,0,0,0,0,0,100,1,0,0,0,0,0,0,0,0,1100,823,-23,25,0,0,0,0,0,0,0,0,0,0,12,72,0
119,1416,177,770,770,898,-31,0,0,0,-823,0,0,0,5,867,930,322,317,0,0,5076,255,120,0,0,0,0,0,0,0,0,0,1,1,1,0,2,1,0,0,0,0,0,0,100,1,0,0,0,0,0,0,0,0,1100,823,-23,25,0,0,0,0,0,0,0,0,0,0,12,72,0
120,1424,178,770,770,898,4,0,0,0,-823,0,0,0,0,902,894,322,317,0,0,5076,255,120,0,0,0,0,0,0,0,0,0,1,1,1,0,2,1,0,0,0,0,0,0,100,1,0,0,0,0,0,0,0,0,1100,823,-23,25,0,0,0,0,0,0,0,0,0,0,12,72,0
121,1432,179,0,0,898,4,0,0,0,-821,0,0,0,9,950,750,322,317,0,0,6427,255,120,0,0,0,0,0,0,0,0,0,1,1,1,0,0,1,0,0,0,0,0,0,100,1,0,0,0,0,0,0,0,0,1100,823,-23,25,0,0,0,0,0,0,0,0,0,0,12,72,0
122,1440,180,0,0,898,4,0,0,0,-821,0,0,0,10,950,750,330,326,0,0,6427,255,120,0,0,0,0,0,0,0,0,0,1,1,1,0,0,1,0,0,0,0,0,0,100,1,0,0,0,0,0,0,0,0,1100,823,-23,25,0,0,0,0,0,0,0,0,0,0,12,72,0
123,1448,181,0,0,898,4,0,0,0,-818,0,0,0,19,950,750,332,333,0,0,6427,255,120,0,0,0,0,0,0,0,0,0,1,1,1,0,0,1,0,0,0,0,0,0,100,1,0,0,0,0,0,0,0,0,1100,823,-23,25,0,0,0,0,0,0,0,0,0,0,12,72,0
124,1456,182,0,0,898,4,0,0,0,-814,0,0,0,32,950,750,340,334,0,0,5061,255,120,0,0,0,0,0,0,0,0,0,1,1,1,0,0,1,0,0,0,0,0,0,100,1,0,0,0,0,0,0,0,0,1100,823,-23,25,0,0,0,0,0,0,0,0,0,0,12,72,0
125,1464,183,0,0,898,4,0,0,0,-812,0,0,0,36,950,750,340,334,0,0,5061,255,120,0,0,0,0,0,0,0,0,0,1,1,1,0,0,1,0,0,0,0,0,0,100,1,0,0,0,0,0,0,0,0,1100,823,-23,25,0,0,0,0,0,0,0,0,0,0,12,72,0
126,1472,184,0,0,898,4,0,0,0,-807,0,0,0,45,950,750,344,335,0,0,5059,255,120,0,0,0,0,0,0,0,0,0,1,1,1,0,0,1,0,0,0,0,0,0,100,1,0,0,0,0,0,0,0,0,1100,823,-23,25,0,0,0,0,0,0,0,0,0,0,12,72,0
127,1480,185,0,0,898,4,0,0,0,-804,0,0,0,49,950,750,352,331,0,0,5059,255,120,0,0,0,0,0,0,0,0,0,1,1,1,0,0,1,0,0,0,0,0,0,100,1,0,0,0,0,0,0,0,0,1100,823,-23,25,0,0,0,0,0,0,0,0,0,0,12,72,0
128,1488,186,0,0,898,4,0,0,0,-798,0,0,0,58,950,750,357,327,0,0,5059,255,120,0,0,0,0,0,0,0,0,0,1,1,1,0,0,1,0,0,0,0,0,0,100,1,0,0,0,0,0,0,0,0,1100,823,-23,25,0,0,0,0,0,0,0,0,0,0,12,72,0
129,1496,187,0,0,898,4,0,0,0,-790,0,0,0,66,950,750,364,324,0,0,5058,255,120,0,0,0,0,0,0,0,0,0,1,1,1,0,0,1,0,0,0,0,0,0,100,1,0,0,0,0,0,0,0,0,1100,823,-23,25,0,0,0,0,0,0,0,0,0,0,12,72,0
130,1504,188,0,0,898,4,0,0,0,-786,0,0,0,73,950,750,364,324,0,0,5058,255,120,0,0,0,0,0,0,0,0,0,1,1,1,0,0,1,0,0,0,0,0,0,100,1,0,0,0,0,0,0,0,0,1100,823,-23,25,0,0,0,0,0,0,0,0,0,0,12,72,0
131,1512,189,0,0,898,4,0,0,0,-778,0,0,0,78,950,750,372,323,0,0,5059,255,120,0,0,0,0,0,0,0,0,0,1,1,1,0,0,1,0,0,0,0,0,0,100,1,0,0,0,0,0,0,0,0,1100,823,-23,25,0,0,0,0,0,0,0,0,0,0,12,72,0
132,1520,190,0,0,898,4,0,0,0,-774,0,0,0,78,950,750,377,320,0,0,5059,255,120,0,0,0,0,0,0,0,0,0,1,1,1,0,0,1,0,0,0,0,0,0,100,1,0,0,0,0,0,0,0,0,1100,823,-23,25,0,0,0,0,0,0,0,0,0,0,12,72,0
133,1528,191,0,0,898,4,0,0,0,-767,0,0,0,76,950,750,377,320,0,0,5059,255,120,0,0,0,0,0,0,0,0,0,1,1,1,0,0,1,0,0,0,0,0,0,100,1,0,0,0,0,0,0,0,0,1100,823,-23,25,0,0,0,0,0,0,0,0,0,0,12,72,0
134,1536,192,0,0,898,4,0,0,0,-759,0,0,0,74,950,750,377,320,0,0,5057,255,120,0,0,0,0,0,0,0,0,0,1,1,1,0,0,1,0,0,0,0,0,0,100,1,0,0,0,0,0,0,0,0,1100,823,-23,25,0,0,0,0,0,0,0,0,0,0,12,72,0
135,1544,193,0,0,898,4,0,0,0,-756,0,0,0,72,950,750,377,320,0,0,5057,255,120,0,0,0,0,0,0,0,0,0,1,1,1,0,0,1,0,0,0,0,0,0,100,1,0,0,0,0,0,0,0,0,1100,823,-23,25,0,0,0,0,0,0,0,0,0,0,12,72,0
136,1552,194,0,0,898,4,0,0,0,-748,0,0,0,76,950,750,391,314,0,0,6410,255,120,0,0,0,0,0,0,0,0,0,1,1,1,0,0,1,0,0,0,0,0,0,100,1,0,0,0,0,0,0,0,0,1100,823,-23,25,0,0,0,0,0,0,0,0,0,0,12,72,0
137,1560,195,0,0,898,4,0,0,0,-743,0,0,0,78,950,750,393,315,0,0,6410,255,120,0,0,0,0,0,0,0,0,0,1,1,1,0,0,1,0,0,0,0,0,0,100,1,0,0,0,0,0,0,0,0,1100,823,-23,25,0,0,0,0,0,0,0,0,0,0,12,72,0
138,1568,196,0,0,898,4,0,0,0,-736,0,0,0,80,750,950,385,315,0,0,6410,255,120,0,0,0,0,0,0,0,0,0,1,1,1,0,0,1,0,0,0,0,0,0,100,1,0,0,0,0,0,0,0,0,1100,823,-23,25,0,0,0,0,0,0,0,0,0,0,12,72,0
139,1576,197,0,0,898,4,0,0,0,-727,0,0,0,82,750,950,385,315,0,0,5058,255,120,0,0,0,0,0,0,0,0,0,1,1,1,0,0,1,0,0,0,0,0,0,100,1,0,0,0,0,0,0,0,0,1100,823,-23,25,0,0,0,0,0,0,0,0,0,0,12,72,0
140,1584,198,0,0,898,4,0,0,0,-724,0,0,0,78,750,950,380,313,0,0,5058,255,120,0,0,0,0,0,0,0,0,0,1,1,1,0,0,1,0,0,0,0,0,0,100,1,0,0,0,0,0,0,0,0,1100,823,-23,25,0,0,0,0,0,0,0,0,0,0,12,72,0
141,1592,199,0,0,898,4,0,0,0,-719,0,0,0,62,750,950,377,310,0,0,5059,255,120,0,0,0,0,0,0,0,0,0,1,1,1,0,0,1,0,0,0,0,0,0,100,1,0,0,0,0,0,0,0,0,1100,823,-23,25,0,0,0,0,0,0,0,0,0,0,12,72,0
142,1600,200,0,0,898,4,0,0,0,-717,0,0,0,51,750,950,372,305,0,0,5059,255,120,0,0,0,0,0,0,0,0,0,1,1,1,0,0,1,0,0,0,0,0,0,100,1,0,0,0,0,0,0,0,0,1100,823,-23,25,0,0,0,0,0,0,0,0,0,0,12,72,0
143,1608,201,0,0,898,4,0,0,0,-715,0,0,0,31,750,950,369,305,0,0,5059,255,120,0,0,0,0,0,0,0,0,0,1,1,1,0,0,1,0,0,0,0,0,0,100,1,0,0,0,0,0,0,0,0,1100,823,-23,25,0,0,0,0,0,0,0,0,0,0,12,72,0
144,1616,202,0,0,898,4,0,0,0,-713,0,0,0,22,750,950,369,305,0,0,5058,255,120,0,0,0,0,0,0,0,0,0,1,1,1,0,0,1,0,0,0,0,0,0,100,1,0,0,0,0,0,0,0,0,1100,823,-23,25,0,0,0,0,0,0,0,0,0,0,12,72,0
145,1624,203,0,0,898,4,0,0,0,-713,0,0,0,18,750,950,365,308,0,0,5058,255,120,0,0,0,0,0,0,0,0,0,1,1,1,0,0,1,0,0,0,0,0,0,100,1,0,0,0,0,0,0,0,0,1100,823,-23,25,0,0,0,0,0,0,0,0,0,0,12,72,0
146,1632,204,0,0,898,4,0,0,0,-712,0,0,0,9,750,950,358,316,0,0,5059,255,120,0,0,0,0,0,0,0,0,0,1,1,1,0,0,1,0,0,0,0,0,0,100,1,0,0,0,0,0,0,0,0,1100,823,-23,25,0,0,0,0,0,0,0,0,0,0,12,72,0
147,1640,205,0,0,898,4,0,0,0,-713,0,0,0,3,750,950,357,320,0,0,5059,255,120,0,0,0,0,0,0,0,0,0,1,1,1,0,0,1,0,0,0,0,0,0,100,1,0,0,0,0,0,0,0,0,1100,823,-23,25,0,0,0,0,0,0,0,0,0,0,12,72,0
148,1648,206,0,0,898,4,0,0,0,-712,0,0,0,6,750,950,357,320,0,0,5059,255,120,0,0,0,0,0,0,0,0,0,1,1,1,0,0,1,0,0,0,0,0,0,100,1,0,0,0,0,0,0,0,0,1100,823,-23,25,0,0,0,0,0,0,0,0,0,0,12,72,0
149,1656,207,0,0,898,4,0,0,0,-712,0,0,0,5,750,950,348,321,0,0,5057,256,120,0,0,0,0,0,0,0,0,0,1,1,1,0,0,1,0,0,0,0,0,0,100,1,0,0,0,0,0,0,0,0,1100,823,-23,25,0,0,0,0,0,0,0,0,0,0,12,72,0
150,1664,208,0,0,898,4,0,0,0,-711,0,0,0,4,750,950,347,324,0,0,5057,256,120,0,0,0,0,0,0,0,0,0,1,1,1,0,0,1,0,0,0,0,0,0,100,1,0,0,0,0,0,0,0,0,1100,823,-23,25,0,0,0,0,0,0,0,0,0,0,12,72,0
151,1672,209,0,0,898,4,0,0,0,-712,0,0,0,1,750,950,343,325,0,0,6411,255,120,0,0,0,0,0,0,0,0,0,1,1,1,0,0,1,0,0,0,0,0,0,100,1,0,0,0,0,0,0,0,0,1100,823,-23,25,0,0,0,0,0,0,0,0,0,0,12,72,0
152,1680,210,0,0,898,4,0,0,0,-712,0,0,0,-1,750,950,339,324,0,0,6411,255,120,0,0,0,0,0,0,0,0,0,1,1,1,0,0,1,0,0,0,0,0,0,100,1,0,0,0,0,0,0,0,0,1100,823,-23,25,0,0,0,0,0,0,0,0,0,0,12,72,0
153,1688,211,0,0,898,4,0,0,0,-712,0,0,0,-1,750,950,339,324,0,0,6411,255,120,0,0,0,0,0,0,0,0,0,1,1,1,0,0,1,0,0,0,0,0,0,100,1,0,0,0,0,0,0,0,0,1100,823,-23,25,0,0,0,0,0,0,0,0,0,0,12,72,0
154,1696,212,0,0,898,4,0,0,0,-712,0,0,0,0,750,950,337,323,0,0,5049,255,120,0,0,0,0,0,0,0,0,0,1,1,1,0,0,1,0,0,0,0,0,0,100,1,0,0,0,0,0,0,0,0,1100,823,-23,25,0,0,0,0,0,0,0,0,0,0,12,72,0
155,1704,213,0,0,898,4,0,0,0,-713,0,0,0,-4,750,950,338,323,0,0,5049,255,120,0,0,0,0,0,0,0,0,0,1,1,1,0,0,1,0,0,0,0,0,0,100,1,0,0,0,0,0,0,0,0,1100,823,-23,25,0,0,0,0,0,0,0,0,0,0,12,72,0
156,1712,214,0,0,898,4,0,0,0,-714,0,0,0,-8,950,750,337,322,0,0,5049,255,120,0,0,0,0,0,0,0,0,0,1,1,1,0,0,1,0,0,0,0,0,0,100,1,0,0,0,0,0,0,0,0,1100,823,-23,25,0,0,0,0,0,0,0,0,0,0,12,72,0
157,1720,215,0,0,898,4,0,0,0,-714,0,0,0,-9,950,750,335,324,0,0,5049,255,120,0,0,0,0,0,0,0,0,0,1,1,1,0,0,1,0,0,0,0,0,0,100,1,0,0,0,0,0,0,0,0,1100,823,-23,25,0,0,0,0,0,0,0,0,0,0,12,72,0
158,1728,216,0,0,898,4,0,0,0,-714,0,0,0,-1,950,750,335,324,0,0,5049,255,120,0,0,0,0,0,0,0,0,0,1,1,1,0,0,1,0,0,0,0,0,0,100,1,0,0,0,0,0,0,0,0,1100,823,-23,25,0,0,0,0,0,0,0,0,0,0,12,72,0
159,1736,217,0,0,898,4,0,0,0,-710,0,0,0,19,950,750,331,326,0,0,5049,255,120,0,0,0,0,0,0,0,0,0,1,1,1,0,0,1,0,0,0,0,0,0,100,1,0,0,0,0,0,0,0,0,1100,823,-23,25,0,0,0,0,0,0,0,0,0,0,12,72,0
160,1744,218,0,0,898,4,0,0,0,-708,0,0,0,27,950,750,323,327,0,0,5049,255,120,0,0,0,0,0,0,0,0,0,1,1,1,0,0,1,0,0,0,0,0,0,100,1,0,0,0,0,0,0,0,0,1100,823,-23,25,0,0,0,0,0,0,0,0,0,0,12,72,0
161,1752,219,0,0,898,4,0,0,0,-708,0,0,0,8,950,750,324,331,0,0,5049,255,120,0,0,0,0,0,0,0,0,0,1,1,1,0,0,1,0,0,0,0,0,0,100,1,0,0,0,0,0,0,0,0,1100,823,-23,25,0,0,0,0,0,0,0,0,0,0,12,72,0
162,1760,220,0,0,898,4,0,0,0,-708,0,0,0,2,950,750,324,331,0,0,5049,255,120,0,0,0,0,0,0,0,0,0,1,1,1,0,0,1,0,0,0,0,0,0,100,1,0,0,0,0,0,0,0,0,1100,823,-23,25,0,0,0,0,0,0,0,0,0,0,12,72,0
163,1768,221,0,0,898,4,0,0,0,-704,0,0,0,26,950,750,328,329,0,0,5049,255,120,0,0,0,0,0,0,0,0,0,1,1,1,0,0,1,0,0,0,0,0,0,100,1,0,0,0,0,0,0,0,0,1100,823,-23,25,0,0,0,0,0,0,0,0,0,0,12,72,0
164,1776,222,0,0,898,4,0,0,0,-699,0,0,0,41,950,750,331,329,0,0,5049,255,120,0,0,0,0,0,0,0,0,0,1,1,1,0,0,1,0,0,0,0,0,0,100,1,0,0,0,0,0,0,0,0,1100,823,-23,25,0,0,0,0,0,0,0,0,0,0,12,72,0
165,1784,223,0,0,898,4,0,0,0,-697,0,0,0,42,950,750,332,327,0,0,5049,255,120,0,0,0,0,0,0,0,0,0,1,1,1,0,0,1,0,0,0,0,0,0,100,1,0,0,0,0,0,0,0,0,1100,823,-23,25,0,0,0,0,0,0,0,0,0,0,12,72,0
166,1792,224,0,0,898,4,0,0,0,-691,0,0,0,51,950,750,338,320,0,0,6400,255,120,0,0,0,0,0,0,0,0,0,1,1,1,0,0,1,0,0,0,0,0,0,100,1,0,0,0,0,0,0,0,0,1100,823,-23,25,0,0,0,0,0,0,0,0,0,0,12,72,0
167,1800,225,0,0,898,4,0,0,0,-688,0,0,0,50,950,750,338,320,0,0,6400,255,120,0,0,0,0,0,0,0,0,0,1,1,1,0,0,1,0,0,0,0,0,0,100,1,0,0,0,0,0,0,0,0,1100,823,-23,25,0,0,0,0,0,0,0,0,0,0,12,72,0
168,1808,226,0,0,898,4,0,0,0,-683,0,0,0,50,950,750,339,313,0,0,6400,255,120,0,0,0,0,0,0,0,0,0,1,1,1,0,0,1,0,0,0,0,0,0,100,1,0,0,0,0,0,0,0,0,1100,823,-23,25,0,0,0,0,0,0,0,0,0,0,12,72,0
169,1816,227,0,0,898,4,0,0,0,-677,0,0,0,59,950,750,344,310,0,0,5048,251,120,0,0,0,0,0,0,0,0,0,1,1,1,0,0,1,0,0,0,0,0,0,100,1,0,0,0,0,0,0,0,0,1100,823,-23,25,0,0,0,0,0,0,0,0,0,0,12,72,0
170,1824,228,0,0,898,4,0,0,0,-673,0,0,0,67,950,750,349,309,0,0,5048,251,120,0,0,0,0,0,0,0,0,0,1,1,1,0,0,1,0,0,0,0,0,0,100,1,0,0,0,0,0,0,0,0,1100,823,-23,25,0,0,0,0,0,0,0,0,0,0,12,72,0
171,1832,229,0,0,898,4,0,0,0,-665,0,0,0,72,950,750,356,306,0,0,5048,251,120,0,0,0,0,0,0,0,0,0,1,1,1,0,0,1,0,0,0,0,0,0,100,1,0,0,0,0,0,0,0,0,1100,823,-23,25,0,0,0,0,0,0,0,0,0,0,12,72,0
172,1840,230,0,0,898,4,0,0,0,-660,0,0,0,79,950,750,356,306,0,0,5048,251,120,0,0,0,0,0,0,0,0,0,1,1,1,0,0,1,0,0,0,0,0,0,100,1,0,0,0,0,0,0,0,0,1100,823,-23,25,0,0,0,0,0,0,0,0,0,0,12,72,0
173,1848,231,0,0,898,4,0,0,0,-652,0,0,0,80,950,750,367,308,0,0,5048,251,120,0,0,0,0,0,0,0,0,0,1,1,1,0,0,1,0,0,0,0,0,0,100,1,0,0,0,0,0,0,0,0,1100,823,-23,25,0,0,0,0,0,0,0,0,0,0,12,72,0
174,1856,232,0,0,898,4,0,0,0,-643,0,0,0,87,750,950,374,309,0,0,5048,251,120,0,0,0,0,0,0,0,0,0,1,1,1,0,0,1,0,0,0,0,0,0,100,1,0,0,0,0,0,0,0,0,1100,823,-23,25,0,0,0,0,0,0,0,0,0,0,12,72,0
175,1864,233,0,0,898,4,0,0,0,-638,0,0,0,89,750,950,383,309,0,0,5048,251,120,0,0,0,0,0,0,0,0,0,1,1,1,0,0,1,0,0,0,0,0,0,100,1,0,0,0,0,0,0,0,0,1100,823,-23,25,0,0,0,0,0,0,0,0,0,0,12,72,0
176,1872,234,0,0,898,4,0,0,0,-630,0,0,0,85,750,950,383,309,0,0,5047,252,120,0,0,0,0,0,0,0,0,0,1,1,1,0,0,1,0,0,0,0,0,0,100,1,0,0,0,0,0,0,0,0,1100,823,-23,25,0,0,0,0,0,0,0,0,0,0,12,72,0
177,1880,235,0,0,898,4,0,0,0,-626,0,0,0,85,750,950,392,309,0,0,5047,252,120,0,0,0,0,0,0,0,0,0,1,1,1,0,0,1,0,0,0,0,0,0,100,1,0,0,0,0,0,0,0,0,1100,823,-23,25,0,0,0,0,0,0,0,0,0,0,12,72,0
178,1888,236,0,0,898,4,0,0,0,-618,0,0,0,78,750,950,401,309,0,0,5047,252,120,0,0,0,0,0,0,0,0,0,1,1,1,0,0,1,0,0,0,0,0,0,100,1,0,0,0,0,0,0,0,0,1100,823,-23,25,0,0,0,0,0,0,0,0,0,0,12,72,0
179,1896,237,0,0,898,4,0,0,0,-611,0,0,0,76,750,950,405,313,0,0,5046,250,120,0,0,0,0,0,0,0,0,0,1,1,1,0,0,1,0,0,0,0,0,0,100,1,0,0,0,0,0,0,0,0,1100,823,-23,25,0,0,0,0,0,0,0,0,0,0,12,72,0
180,1904,238,0,0,898,4,0,0,0,-608,0,0,0,66,750,950,402,320,0,0,5046,250,120,0,0,0,0,0,0,0,0,0,1,1,1,0,0,1,0,0,0,0,0,0,100,1,0,0,0,0,0,0,0,0,1100,823,-23,25,0,0,0,0,0,0,0,0,0,0,12,72,0
181,1912,239,0,0,898,4,0,0,0,-603,0,0,0,55,750,950,402,320,0,0,6399,250,120,0,0,0,0,0,0,0,0,0,1,1,1,0,0,1,0,0,0,0,0,0,100,1,0,0,0,0,0,0,0,0,1100,823,-23,25,0,0,0,0,0,0,0,0,0,0,12,72,0
182,1920,240,0,0,898,4,0,0,0,-601,0,0,0,55,750,950,403,328,0,0,6399,250,120,0,0,0,0,0,0,0,0,0,1,1,1,0,0,1,0,0,0,0,0,0,100,1,0,0,0,0,0,0,0,0,1100,823,-23,25,0,0,0,0,0,0,0,0,0,0,12,72,0
183,1928,241,0,0,898,4,0,0,0,-596,0,0,0,49,750,950,405,337,0,0,6399,250,120,0,0,0,0,0,0,0,0,0,1,1,1,0,0,1,0,0,0,0,0,0,100,1,0,0,0,0,0,0,0,0,1100,823,-23,25,0,0,0,0,0,0,0,0,0,0,12,72,0
184,1936,242,0,0,898,4,0,0,0,-593,0,0,0,38,750,950,406,347,0,0,5045,251,120,0,0,0,0,0,0,0,0,0,1,1,1,0,0,1,0,0,0,0,0,0,100,1,0,0,0,0,0,0,0,0,1100,823,-23,25,0,0,0,0,0,0,0,0,0,0,12,72,0
185,1944,243,0,0,898,4,0,0,0,-591,0,0,0,36,750,950,406,359,0,0,5045,251,120,0,0,0,0,0,0,0,0,0,1,1,1,0,0,1,0,0,0,0,0,0,100,1,0,0,0,0,0,0,0,0,1100,823,-23,25,0,0,0,0,0,0,0,0,0,0,12,72,0
186,1952,244,0,0,898,4,0,0,0,-589,0,0,0,30,750,950,406,359,0,0,5055,249,120,0,0,0,0,0,0,0,0,0,1,1,1,0,0,1,0,0,0,0,0,0,100,1,0,0,0,0,0,0,0,0,1100,823,-23,25,0,0,0,0,0,0,0,0,0,0,12,72,0
187,1960,245,0,0,898,4,0,0,0,-588,0,0,0,27,750,950,406,369,0,0,5055,249,120,0,0,0,0,0,0,0,0,0,1,1,1,0,0,1,0,0,0,0,0,0,100,1,0,0,0,0,0,0,0,0,1100,823,-23,25,0,0,0,0,0,0,0,0,0,0,12,72,0
188,1968,246,0,0,898,4,0,0,0,-588,0,0,0,9,750,950,407,376,0,0,5055,249,120,0,0,0,0,0,0,0,0,0,1,1,1,0,0,1,0,0,0,0,0,0,100,1,0,0,0,0,0,0,0,0,1100,823,-23,25,0,0,0,0,0,0,0,0,0,0,12,72,0
189,1976,247,0,0,898,4,0,0,0,-587,0,0,0,8,750,950,407,381,0,0,5055,251,120,0,0,0,0,0,0,0,0,0,1,1,1,0,0,1,0,0,0,0,0,0,100,1,0,0,0,0,0,0,0,0,1100,823,-23,25,0,0,0,0,0,0,0,0,0,0,12,72,0
190,1984,248,0,0,898,4,0,0,0,-587,0,0,0,7,750,950,407,381,0,0,5055,251,120,0,0,0,0,0,0,0,0,0,1,1,1,0,0,1,0,0,0,0,0,0,100,1,0,0,0,0,0,0,0,0,1100,823,-23,25,0,0,0,0,0,0,0,0,0,0,12,72,0
191,1992,249,0,0,898,4,0,0,0,-587,0,0,0,3,750,950,407,387,0,0,5054,249,120,0,0,0,0,0,0,0,0,0,1,1,1,0,0,1,0,0,0,0,0,0,100,1,0,0,1,0,0,0,0,0,1100,823,-23,25,0,0,0,0,0,0,0,0,0,0,12,72,0
192,2000,250,0,0,898,4,0,0,0,-587,0,0,0,0,950,750,408,395,0,0,5054,249,120,0,0,0,0,0,0,0,0,0,1,1,1,0,0,1,0,0,0,0,0,0,100,1,0,0,1,0,0,0,0,0,1100,823,-23,25,0,0,0,0,0,0,0,0,0,0,12,72,0
193,2008,251,0,0,898,4,0,0,0,-587,0,0,0,0,950,750,405,394,0,0,5054,249,120,0,0,0,0,0,0,0,0,0,1,1,1,0,0,1,0,0,0,0,0,0,100,1,0,0,1,0,0,0,0,0,1100,823,-23,25,0,0,0,0,0,0,0,0,0,0,12,72,0
194,2016,252,0,0,898,4,0,0,0,-587,0,0,0,4,950,750,407,396,0,0,5054,250,120,0,0,0,0,0,0,0,0,0,1,1,1,0,0,1,0,0,0,0,0,0,100,1,2,0,1,0,0,0,0,0,1100,823,-23,25,0,0,0,0,0,0,0,0,0,0,12,72,0
195,2024,253,0,0,898,4,0,0,0,-586,0,0,0,9,950,750,407,396,0,0,5054,250,120,0,0,0,0,0,0,0,0,0,1,1,1,0,0,1,0,0,0,0,0,0,100,1,2,0,1,0,0,0,0,0,1100,823,-23,25,0,0,0,0,0,0,0,0,0,0,12,72,0
196,2032,254,0,0,898,4,0,0,0,-582,0,0,0,28,950,750,411,398,0,0,6406,249,120,0,0,0,0,0,0,0,0,0,1,1,1,0,0,1,0,0,0,0,0,0,100,1,2,0,1,0,0,0,0,0,1100,823,-23,25,0,0,0,0,0,0,0,0,0,0,12,72,0
197,2040,255,0,0,898,4,0,0,0,-579,0,0,0,36,950,750,412,397,0,0,6406,249,120,0,0,0,0,0,0,0,0,0,1,1,1,0,0,1,0,0,0,0,0,0,100,1,2,0,1,0,0,0,0,0,1100,823,-23,25,0,0,0,0,0,0,0,0,0,0,12,72,0
198,2048,256,0,0,898,4,0,0,0,-573,0,0,0,50,950,750,414,395,0,0,6406,249,120,0,0,0,0,0,0,0,0,0,1,1,1,0,0,1,0,0,0,0,0,0,100,1,2,0,1,0,0,0,0,0,1100,823,-23,25,0,0,0,0,0,0,0,0,0,0,12,72,0
199,2056,257,0,0,898,4,0,0,0,-567,0,0,0,56,950,750,416,392,0,0,5053,250,120,0,0,0,0,0,0,0,0,0,1,1,1,0,0,1,0,0,0,0,0,0,100,1,2,0,1,0,0,0,0,0,1100,823,-23,25,0,0,0,0,0,0,0,0,0,0,12,72,0
200,2064,258,0,0,898,4,0,0,0,-563,0,0,0,62,950,750,416,392,0,0,5053,250,120,0,0,0,0,0,0,0,0,0,1,1,1,0,0,1,0,0,0,0,0,0,100,1,2,0,1,0,0,0,0,0,1100,823,-23,25,0,0,0,0,0,0,0,0,0,0,12,72,0
201,2072,259,0,0,898,4,0,0,0,-557,0,0,0,65,950,750,420,391,0,0,5052,251,120,0,0,0,0,0,0,0,0,0,1,1,1,0,0,1,0,0,0,0,0,0,100,1,2,0,1,0,0,0,0,0,1100,823,-23,25,0,0,0,0,0,0,0,0,0,0,12,72,0
202,2080,260,0,0,898,4,0,0,0,-553,0,0,0,70,950,750,422,386,0,0,5052,251,120,0,0,0,0,0,0,0,0,0,1,1,1,0,0,1,0,0,0,0,0,0,100,1,2,0,1,0,0,0,0,0,1100,823,-23,25,0,0,0,0,0,0,0,0,0,0,12,72,0
203,2088,261,0,0,898,4,0,0,0,-544,0,0,0,76,950,750,428,385,0,0,5052,251,120,0,0,0,0,0,0,0,0,0,1,1,1,0,0,1,0,0,0,0,0,0,100,1,2,0,1,0,0,0,0,0,1100,823,-23,25,0,0,0,0,0,0,0,0,0,0,12,72,0
204,2096,262,0,0,898,4,0,0,0,-536,0,0,0,79,950,750,428,385,0,0,5052,249,120,0,0,0,0,0,0,0,0,0,1,1,1,0,0,1,0,0,0,0,0,0,100,1,2,0,1,0,0,0,0,0,1100,823,-23,25,0,0,0,0,0,0,0,0,0,0,12,72,0
205,2104,263,0,0,898,4,0,0,0,-532,0,0,0,83,950,750,434,386,0,0,5052,249,120,0,0,0,0,0,0,0,0,0,1,1,1,0,0,1,0,0,0,0,0,0,100,1,2,0,1,0,0,0,0,0,1100,823,-23,25,0,0,0,0,0,0,0,0,0,0,12,72,0
206,2112,264,0,0,898,4,0,0,0,-523,0,0,0,86,950,750,442,385,0,0,5050,249,120,0,0,0,0,0,0,0,0,0,1,1,1,0,0,1,0,0,0,0,0,0,100,1,2,0,1,0,0,0,0,0,1100,823,-23,25,0,0,0,0,0,0,0,0,0,0,12,72,0
207,2120,265,0,0,898,4,0,0,0,-518,0,0,0,88,950,750,441,381,0,0,5050,249,120,0,0,0,0,0,0,0,0,0,1,1,1,0,0,1,0,0,0,0,0,0,100,1,2,0,1,0,0,0,0,0,1100,823,-23,25,0,0,0,0,0,0,0,0,0,0,12,72,0
208,2128,266,0,0,898,4,0,0,0,-509,0,0,0,90,950,750,444,375,0,0,5050,249,120,0,0,0,0,0,0,0,0,0,1,1,1,0,0,1,0,0,0,0,0,0,100,1,2,0,1,0,0,0,0,0,1100,823,-23,25,0,0,0,0,0,0,0,0,0,0,12,72,0
209,2136,267,0,0,898,4,0,0,0,-500,0,0,0,91,950,750,444,375,0,0,5049,249,120,0,0,0,0,0,0,0,0,0,1,1,1,0,0,1,0,0,0,0,0,0,100,1,2,0,1,0,0,0,0,0,1100,823,-23,25,0,0,0,0,0,0,0,0,0,0,12,72,0
210,2144,268,0,0,898,4,0,0,0,-496,0,0,0,89,750,950,447,369,0,0,5049,249,120,0,0,0,0,0,0,0,0,0,1,1,1,0,0,1,0,0,0,0,0,0,100,1,2,0,1,0,0,0,0,0,1100,823,-23,25,0,0,0,0,0,0,0,0,0,0,12,72,0
211,2152,269,0,0,898,4,0,0,0,-486,0,0,0,93,750,950,447,369,0,0,6404,235,120,0,0,0,0,0,0,0,0,0,1,1,1,0,0,1,0,0,0,0,0,0,100,1,2,0,1,0,0,0,0,0,1100,823,-23,25,0,0,0,0,0,0,0,0,0,0,12,72,0
212,2160,270,0,0,898,4,0,0,0,-482,0,0,0,88,750,950,453,363,0,0,6404,235,120,0,0,0,0,0,0,0,0,0,1,1,1,0,0,1,0,0,0,0,0,0,100,1,2,0,1,0,0,0,0,0,1100,823,-23,25,0,0,0,0,0,0,0,0,0,0,12,72,0
213,2168,271,0,0,898,4,0,0,0,-475,0,0,0,76,750,950,454,360,0,0,6404,235,120,0,0,0,0,0,0,0,0,0,1,1,1,0,0,1,0,0,0,0,0,0,100,1,2,0,1,0,0,0,0,0,1100,823,-23,25,0,0,0,0,0,0,0,0,0,0,12,72,0
214,2176,272,0,0,898,4,0,0,0,-469,0,0,0,64,750,950,454,360,0,0,5047,236,120,0,0,0,0,0,0,0,0,0,1,1,1,0,0,1,0,0,0,0,0,0,100,1,2,1,1,0,0,0,0,0,1100,823,-23,25,0,0,0,0,0,0,0,0,0,0,12,72,0
215,2184,273,0,0,898,4,0,0,0,-467,0,0,0,55,750,950,453,358,0,0,5047,236,120,0,0,0,0,0,0,0,0,0,1,1,1,0,0,1,0,0,0,0,0,0,100,1,2,1,1,0,0,0,0,0,1100,823,-23,25,0,0,0,0,0,0,0,0,0,0,12,72,0
216,2192,274,0,0,898,4,0,0,0,-463,0,0,0,49,750,950,441,357,0,0,5048,238,120,0,0,0,0,0,0,0,0,0,1,1,1,0,0,1,0,0,0,0,0,0,100,1,2,1,1,0,0,0,0,0,1100,823,-23,25,0,0,0,0,0,0,0,0,0,0,12,72,0
217,2200,275,0,0,898,4,0,0,0,-461,0,0,0,46,750,950,433,360,0,0,5048,238,120,0,0,0,0,0,0,0,0,0,1,1,1,0,0,1,0,0,0,0,0,0,100,1,2,1,1,0,0,0,0,0,1100,823,-23,25,0,0,0,0,0,0,0,0,0,0,12,72,0
218,2208,276,0,0,898,4,0,0,0,-459,0,0,0,32,750,950,433,360,0,0,5048,238,120,0,0,0,0,0,0,0,0,0,1,1,1,0,0,1,0,0,0,0,0,0,100,1,2,1,1,0,0,0,0,0,1100,823,-23,25,0,0,0,0,0,0,0,0,0,0,12,72,0
219,2216,277,0,0,898,4,0,0,0,-455,0,0,0,31,750,950,424,364,0,0,5047,669,120,0,0,0,0,0,0,0,0,0,1,1,1,0,0,1,4,0,62,62,62,0,100,1,2,1,1,0,0,0,0,0,1100,823,-23,25,0,0,0,0,3,39,9,69,0,0,12,72,0
220,2224,278,0,0,898,4,0,0,0,-454,0,0,0,29,750,950,416,365,0,0,5047,669,120,0,0,0,0,0,0,0,0,0,1,1,1,0,0,1,4,0,62,62,62,0,100,1,2,1,1,0,0,0,0,0,1100,823,-23,25,0,0,0,0,3,39,9,69,0,0,12,72,0
221,2232,279,0,0,898,4,0,0,0,-452,0,0,0,24,750,950,414,370,0,0,5036,201,120,0,0,0,0,0,0,0,0,0,1,1,1,0,0,1,0,0,0,0,58,0,100,1,2,1,1,0,0,0,0,0,1100,823,-23,25,0,0,0,0,0,0,0,0,0,0,12,72,0
222,2240,280,0,0,898,4,0,0,0,-451,0,0,0,22,750,950,407,370,0,0,5036,201,120,0,0,0,0,0,0,0,0,0,1,1,1,0,0,1,0,0,0,0,58,0,100,1,2,1,1,0,0,0,0,0,1100,823,-23,25,0,0,0,0,0,0,0,0,0,0,12,72,0
223,2248,281,0,0,898,4,0,0,0,-450,0,0,0,14,750,950,407,370,0,0,5036,201,120,0,0,0,0,0,0,0,0,0,1,1,1,0,0,1,0,0,0,0,58,0,100,1,2,1,1,0,0,0,0,0,1100,823,-23,25,0,0,0,0,0,0,0,0,0,0,12,72,0
224,2256,282,0,0,898,4,0,0,0,-450,0,0,0,6,750,950,405,374,0,0,5034,669,120,0,0,0,0,0,0,0,0,0,1,1,1,0,0,1,4,0,66,66,66,0,100,1,2,1,1,0,0,0,0,0,1100,823,-23,25,0,0,0,0,5,41,9,69,0,0,12,72,0
225,2264,283,0,0,898,4,0,0,0,-450,0,0,0,6,750,950,398,380,0,0,5034,669,120,0,0,0,0,0,0,0,0,0,1,1,1,0,0,1,4,0,66,66,66,0,100,1,2,1,1,0,0,0,0,0,1100,823,-23,25,0,0,0,0,5,41,9,69,0,0,12,72,0
226,2272,284,0,0,898,4,0,0,0,-449,0,0,0,3,750,950,395,384,0,0,6399,198,120,0,0,0,0,0,0,0,0,0,1,1,1,0,0,1,0,0,0,0,62,0,100,1,2,1,1,0,0,0,0,0,1100,823,-23,25,0,0,0,0,0,0,0,0,0,0,12,72,0
227,2280,285,0,0,898,4,0,0,0,-449,0,0,0,2,750,950,392,386,0,0,6399,198,120,0,0,0,0,0,0,0,0,0,1,1,1,0,0,1,0,0,0,0,62,0,100,1,2,1,1,0,0,0,0,0,1100,823,-23,25,0,0,0,0,0,0,0,0,0,0,12,72,0
228,2288,286,0,0,898,4,0,0,0,-450,0,0,0,0,950,750,392,386,0,0,6399,198,120,0,0,0,0,0,0,0,0,0,1,1,1,0,0,1,0,0,0,0,62,0,100,1,2,1,1,0,0,0,0,0,1100,823,-23,25,0,0,0,0,0,0,0,0,0,0,12,72,0
229,2296,287,0,0,898,4,0,0,0,-450,0,0,0,-2,950,750,387,383,0,0,5034,687,120,0,0,0,0,0,0,0,0,0,1,1,1,0,0,1,0,0,0,0,72,0,100,1,2,1,1,0,0,0,0,0,1100,823,-23,25,0,0,0,0,0,0,0,0,0,0,12,72,0
230,2304,288,0,0,898,4,0,0,0,-450,0,0,0,0,950,750,388,380,0,0,5034,687,120,0,0,0,0,0,0,0,0,0,1,1,1,0,0,1,0,0,0,0,72,0,100,1,2,1,1,0,0,0,0,0,1100,823,-23,25,0,0,0,0,0,0,0,0,0,0,12,72,0
231,2312,289,0,0,898,4,0,0,0,-447,0,0,0,16,950,750,388,383,0,0,5032,683,120,0,0,0,0,0,0,0,0,0,1,1,1,0,0,1,0,0,0,0,74,0,100,1,2,1,1,0,0,0,0,0,1100,823,-23,25,0,0,0,0,0,0,0,0,0,0,12,72,0
232,2320,290,0,0,898,4,0,0,0,-445,0,0,0,23,950,750,388,383,0,0,5032,683,120,0,0,0,0,0,0,0,0,0,1,1,1,0,0,1,0,0,0,0,74,0,100,1,2,1,1,0,0,0,0,0,1100,823,-23,25,0,0,0,0,0,0,0,0,0,0,12,72,0
233,2328,291,0,0,898,4,0,0,0,-441,0,0,0,36,950,750,386,378,0,0,5032,683,120,0,0,0,0,0,0,0,0,0,1,1,1,0,0,1,0,0,0,0,74,0,100,1,2,1,1,0,0,0,0,0,1100,823,-23,25,0,0,0,0,0,0,0,0,0,0,12,72,0
234,2336,292,0,0,898,4,0,0,0,-435,0,0,0,45,950,750,388,377,0,0,5031,678,120,0,0,0,0,0,0,0,0,0,1,1,1,0,0,1,0,0,0,0,78,0,100,1,0,1,1,0,0,0,0,0,1100,823,-23,25,0,0,0,0,0,0,0,0,0,0,12,72,0
235,2344,293,0,0,898,4,0,0,0,-432,0,0,0,51,950,750,388,372,0,0,5031,678,120,0,0,0,0,0,0,0,0,0,1,1,1,0,0,1,0,0,0,0,78,0,100,1,0,1,1,0,0,0,0,0,1100,823,-23,25,0,0,0,0,0,0,0,0,0,0,12,72,0
236,2352,294,0,0,898,4,0,0,0,-426,0,0,0,59,950,750,392,366,0,0,5029,679,120,0,0,0,0,0,0,0,0,0,1,1,1,0,0,1,0,0,0,0,80,0,100,1,0,1,1,1,0,0,0,0,1100,823,-23,25,0,0,0,0,0,0,0,0,0,0,12,72,0
237,2360,295,0,0,898,4,0,0,0,-423,0,0,0,58,950,750,392,366,0,0,5029,679,120,0,0,0,0,0,0,0,0,0,1,1,1,0,0,1,0,0,0,0,80,0,100,1,0,1,1,1,0,0,0,0,1100,823,-23,25,0,0,0,0,0,0,0,0,0,0,12,72,0
238,2368,296,0,0,898,4,0,0,0,-415,0,0,0,67,950,750,396,359,0,0,5029,679,120,0,0,0,0,0,0,0,0,0,1,1,1,0,0,1,0,0,0,0,80,0,100,1,0,1,1,1,0,0,0,0,1100,823,-23,25,0,0,0,0,0,0,0,0,0,0,12,72,0
239,2376,297,0,0,898,4,0,0,0,-408,0,0,0,71,950,750,399,354,0,0,5028,652,120,0,0,0,0,0,0,0,0,0,1,1,1,0,0,1,4,0,80,80,80,0,100,1,5,1,1,1,0,0,0,0,1100,823,-23,25,0,0,0,0,12,48,9,69,0,0,12,72,0
240,2384,298,0,0,898,4,0,0,0,-405,0,0,0,69,950,750,407,352,0,0,5028,652,120,0,0,0,0,0,0,0,0,0,1,1,1,0,0,1,4,0,80,80,80,0,100,1,5,1,1,1,0,0,0,0,1100,823,-23,25,0,0,0,0,12,48,9,69,0,0,12,72,0
241,2392,299,0,0,898,4,0,0,0,-397,0,0,0,77,950,750,408,353,0,0,6380,189,120,0,0,0,0,0,0,0,0,0,1,1,1,0,0,1,0,0,0,0,76,0,100,1,5,1,1,1,0,0,0,0,1100,823,-23,25,0,0,0,0,0,0,0,0,0,0,12,72,0
242,2400,300,0,0,898,4,0,0,0,-393,0,0,0,76,950,750,408,353,0,0,6380,189,120,0,0,0,0,0,0,0,0,0,1,1,1,0,0,1,0,0,0,0,76,0,100,1,5,1,1,1,0,0,0,0,1100,823,-23,25,0,0,0,0,0,0,0,0,0,0,12,72,0
243,2408,301,0,0,898,4,0,0,0,-385,0,0,0,77,950,750,413,349,0,0,6380,189,120,0,0,0,0,0,0,0,0,0,1,1,1,0,0,1,0,0,0,0,76,0,100,1,5,1,1,1,0,0,0,0,1100,823,-23,25,0,0,0,0,0,0,0,0,0,0,12,72,0
244,2416,302,0,0,898,4,0,0,0,-376,0,0,0,86,950,750,411,350,0,0,5024,654,120,0,0,0,0,0,0,0,0,0,1,1,1,0,0,1,4,0,84,84,84,0,100,1,5,1,1,1,0,0,0,0,1100,823,-23,25,0,0,0,0,14,50,9,69,0,0,12,72,0
245,2424,303,0,0,898,4,0,0,0,-371,0,0,0,85,950,750,416,352,0,0,5024,654,120,0,0,0,0,0,0,0,0,0,1,1,1,0,0,1,4,0,84,84,84,0,100,1,5,1,1,1,0,0,0,0,1100,823,-23,25,0,0,0,0,14,50,9,69,0,0,12,72,0
246,2432,304,0,0,898,4,0,0,0,-362,0,0,0,88,750,950,416,352,0,0,5016,187,120,0,0,0,0,0,0,0,0,0,1,1,1,0,0,1,0,0,0,0,80,0,100,1,5,1,1,1,0,0,0,0,1100,823,-23,25,0,0,0,0,0,0,0,0,0,0,12,72,0
247,2440,305,0,0,898,4,0,0,0,-358,0,0,0,90,750,950,419,351,0,0,5016,187,120,0,0,0,0,0,0,0,0,0,1,1,1,0,0,1,0,0,0,0,80,0,100,1,5,1,1,1,0,0,0,0,1100,823,-23,25,0,0,0,0,0,0,0,0,0,0,12,72,0
248,2448,306,0,0,898,4,0,0,0,-350,0,0,0,84,750,950,422,350,0,0,5016,187,120,0,0,0,0,0,0,0,0,0,1,1,1,0,0,1,0,0,0,0,80,0,100,1,5,1,1,1,0,0,0,0,1100,823,-23,25,0,0,0,0,0,0,0,0,0,0,12,72,0
249,2496,312,1320,1320,929,640,60,0,-60,-308,0,0,0,128,1569,288,406,352,0,0,5822,475,120,12,0,0,0,0,0,0,0,0,1,1,1,0,7,0,0,1,0,0,85,3,80,18,5,1,1,1,0,0,0,0,1100,823,-23,25,0,0,0,0,0,0,0,0,0,0,12,72,0
250,2544,318,1232,1232,770,431,52,0,-52,-227,0,0,0,151,1201,339,449,296,0,0,5417,467,120,8,0,0,0,0,0,0,0,0,1,1,1,0,7,0,0,0,0,0,94,3,100,1,5,1,1,1,0,0,0,0,1100,823,-23,25,0,0,0,0,0,0,0,0,0,0,12,72,0
251,2592,324,875,770,915,-330,0,0,0,-143,0,0,0,160,584,1245,439,284,0,0,4897,746,120,0,0,0,0,0,0,0,0,0,1,1,1,0,2,1,4,0,84,84,84,3,100,1,5,1,1,1,0,0,0,0,1100,823,-23,25,0,0,0,0,14,50,17,77,0,0,12,72,0
252,2600,325,770,770,827,-401,0,0,0,-140,0,0,0,132,425,1229,450,271,0,0,4897,746,120,0,0,0,0,0,0,0,0,0,1,1,1,0,2,1,4,0,84,84,84,3,100,1,5,1,1,1,0,0,0,0,1100,823,-23,25,0,0,0,0,14,50,17,77,0,0,12,72,0
253,2608,326,770,770,879,-311,0,0,0,-133,0,0,0,93,567,1190,452,266,0,0,4802,746,120,0,0,0,0,0,0,0,0,0,1,1,1,0,2,1,4,0,84,84,84,3,100,1,5,1,1,1,0,0,0,0,1100,823,-23,25,0,0,0,0,14,50,17,77,0,0,12,72,0
254,2616,327,770,770,879,-328,0,0,0,-128,0,0,0,71,551,1208,436,279,0,0,4802,355,120,0,0,0,0,0,0,0,0,0,1,1,1,0,2,1,0,0,0,0,80,3,100,1,5,1,1,1,0,0,0,0,1100,823,-23,25,0,0,0,0,0,0,0,0,0,0,12,72,0
255,2624,328,770,770,879,-322,0,0,0,-126,0,0,0,59,556,1202,436,279,0,0,4802,355,120,0,0,0,0,0,0,0,0,0,1,1,1,0,2,1,0,0,0,0,80,3,100,1,5,1,1,1,0,0,0,0,1100,823,-23,25,0,0,0,0,0,0,0,0,0,0,12,72,0
256,2632,329,770,770,880,-207,0,0,0,-123,0,0,0,38,673,1087,415,297,0,0,6329,737,120,0,0,0,0,0,0,0,0,0,1,1,1,0,2,1,4,0,106,106,106,3,100,1,5,1,1,1,0,0,0,0,1100,823,-23,25,0,0,0,0,23,59,25,85,0,0,12,72,0
257,2640,330,770,770,880,-127,0,0,0,-123,0,0,0,23,752,1008,396,315,0,0,6329,737,120,0,0,0,0,0,0,0,0,0,1,1,1,0,2,1,4,0,106,106,106,3,100,1,5,1,1,1,0,0,0,0,1100,823,-23,25,0,0,0,0,23,59,25,85,0,0,12,72,0
258,2648,331,770,770,879,16,0,0,0,-125,0,0,0,1,896,863,388,327,0,0,4824,737,120,0,0,0,0,0,0,0,0,0,1,1,1,0,2,1,4,0,106,106,106,3,100,1,5,1,1,1,0,0,0,0,1100,823,-23,25,0,0,0,0,23,59,25,85,0,0,12,72,0
259,2656,332,770,770,879,69,0,0,0,-126,0,0,0,-9,949,810,388,327,0,0,4824,354,120,0,0,0,0,0,0,0,0,0,1,1,1,0,2,1,0,0,0,0,102,3,100,1,5,1,1,1,0,0,0,0,1100,823,-23,25,0,0,0,0,0,0,0,0,0,0,12,72,0
260,2664,333,770,770,879,128,0,0,0,-128,0,0,0,-19,1008,750,383,334,0,0,4824,354,120,0,0,0,0,0,0,0,0,0,1,1,1,0,2,1,0,0,0,0,102,3,100,1,5,1,1,1,0,0,0,0,1100,823,-23,25,0,0,0,0,0,0,0,0,0,0,12,72,0
261,2672,334,770,770,877,-55,0,0,0,-126,0,0,0,5,821,933,380,344,0,0,4973,729,120,0,0,0,0,0,0,0,0,0,1,1,1,0,2,1,4,0,112,112,112,3,100,1,5,1,1,1,0,0,0,0,1100,823,-23,25,0,0,0,0,23,59,25,85,0,0,12,72,0
262,2680,335,770,770,875,-141,0,0,0,-124,0,0,0,20,733,1017,373,358,0,0,4973,729,120,0,0,0,0,0,0,0,0,0,1,1,1,0,2,1,4,0,112,112,112,3,100,1,5,1,1,1,0,0,0,0,1100,823,-23,25,0,0,0,0,23,59,25,85,0,0,12,72,0
263,2688,336,770,770,875,-196,0,0,0,-120,0,0,0,30,679,1072,373,358,0,0,4827,729,120,0,0,0,0,0,0,0,0,0,1,1,1,0,2,1,4,0,112,112,112,3,100,1,5,1,1,1,0,0,0,0,1100,823,-23,25,0,0,0,0,23,59,25,85,0,0,12,72,0
264,2696,337,770,770,875,-216,0,0,0,-117,0,0,0,34,659,1092,373,358,0,0,4827,353,120,0,0,0,0,0,0,0,0,0,1,1,1,0,2,1,0,0,0,0,108,3,100,1,5,1,1,1,0,0,0,0,1100,823,-23,25,0,0,0,0,0,0,0,0,0,0,12,72,0
265,2704,338,770,770,875,-135,0,0,0,-117,0,0,0,22,740,1011,373,358,0,0,4827,353,120,0,0,0,0,0,0,0,0,0,1,1,1,0,2,1,0,0,0,0,108,3,100,1,5,1,1,1,0,0,0,0,1100,823,-23,25,0,0,0,0,0,0,0,0,0,0,12,72,0
266,2712,339,770,770,870,-72,0,0,0,-116,0,0,0,12,797,942,384,369,0,0,4974,705,120,0,0,0,0,0,0,0,0,0,1,1,1,0,2,1,4,0,112,112,112,3,100,1,5,1,1,1,0,0,0,0,1100,823,-23,25,0,0,0,0,23,59,25,85,0,0,12,72,0
267,2720,340,770,770,868,-142,0,0,0,-114,0,0,0,21,725,1011,394,366,0,0,4974,705,120,0,0,0,0,0,0,0,0,0,1,1,1,0,2,1,4,0,112,112,112,3,100,1,5,1,1,1,0,0,0,0,1100,823,-23,25,0,0,0,0,23,59,25,85,0,0,12,72,0
268,2728,341,770,770,868,-37,0,0,0,-115,0,0,0,7,830,905,396,366,0,0,4828,705,120,0,0,0,0,0,0,0,0,0,1,1,1,0,2,1,4,0,112,112,112,3,100,1,5,1,1,1,0,0,0,0,1100,823,-23,25,0,0,0,0,23,59,25,85,0,0,12,72,0
269,2736,342,770,770,868,-92,0,0,0,-113,0,0,0,13,775,960,396,366,0,0,4828,347,120,0,0,0,0,0,0,0,0,0,1,1,1,0,2,1,0,0,0,0,108,3,100,1,5,1,1,1,0,0,0,0,1100,823,-23,25,0,0,0,0,0,0,0,0,0,0,12,72,0
270,2744,343,770,770,863,-57,0,0,0,-113,0,0,0,9,805,920,411,371,0,0,4828,347,120,0,0,0,0,0,0,0,0,0,1,1,1,0,2,1,0,0,0,0,108,3,100,1,5,1,1,1,0,0,0,0,1100,823,-23,25,0,0,0,0,0,0,0,0,0,0,12,72,0
271,2752,344,770,770,862,-311,0,0,0,-106,0,0,0,45,550,1173,408,378,0,0,6331,712,120,0,0,0,0,0,0,0,0,0,1,1,1,0,2,1,4,0,110,110,110,3,100,1,5,1,1,1,0,0,0,0,1100,823,-23,25,0,0,0,0,23,59,25,85,0,0,12,72,0
272,2760,345,770,770,860,-364,0,0,0,-102,0,0,0,56,496,1225,410,381,0,0,6331,712,120,0,0,0,0,0,0,0,0,0,1,1,1,0,2,1,4,0,110,110,110,3,100,1,5,1,1,1,0,0,0,0,1100,823,-23,25,0,0,0,0,23,59,25,85,0,0,12,72,0
273,2768,346,770,770,861,-198,0,0,0,-100,0,0,0,34,663,1060,405,382,0,0,4812,712,120,0,0,0,0,0,0,0,0,0,1,1,1,0,2,1,4,0,110,110,110,3,100,1,5,1,1,1,0,0,0,0,1100,823,-23,25,0,0,0,0,23,59,25,85,0,0,12,72,0
274,2776,347,770,770,861,149,0,0,0,-105,0,0,0,-17,1011,712,405,382,0,0,4812,354,120,0,0,0,0,0,0,0,0,0,1,1,1,0,2,1,0,0,0,0,106,3,100,1,5,1,1,1,0,0,0,0,1100,823,-23,25,0,0,0,0,0,0,0,0,0,0,12,72,0
275,2784,348,770,770,862,134,0,0,0,-107,0,0,0,-21,997,727,399,386,0,0,4812,354,120,0,0,0,0,0,0,0,0,0,1,1,1,0,2,1,0,0,0,0,106,3,100,1,5,1,1,1,0,0,0,0,1100,823,-23,25,0,0,0,0,0,0,0,0,0,0,12,72,0
276,2792,349,770,770,851,179,0,0,0,-110,0,0,0,-27,1030,672,402,426,0,0,4959,710,120,0,0,0,0,0,0,0,0,0,1,1,1,0,2,1,4,0,110,110,110,3,100,1,5,1,1,1,0,0,0,0,1100,823,-23,25,0,0,0,0,23,59,25,85,0,0,12,72,0
277,2800,350,770,770,851,59,0,0,0,-109,0,0,0,-11,910,792,402,426,0,0,4959,710,120,0,0,0,0,0,0,0,0,0,1,1,1,0,2,1,4,0,110,110,110,3,100,1,5,1,1,1,0,0,0,0,1100,823,-23,25,0,0,0,0,23,59,25,85,0,0,12,72,0
278,2808,351,770,770,851,-8,0,0,0,-108,0,0,0,0,842,860,402,426,0,0,4812,710,120,0,0,0,0,0,0,0,0,0,1,1,1,0,2,1,4,0,110,110,110,3,100,1,5,1,1,1,0,0,0,0,1100,823,-23,25,0,0,0,0,23,59,25,85,0,0,12,72,0
279,2816,352,770,770,851,-80,0,0,0,-106,0,0,0,11,771,931,402,426,0,0,4812,341,120,0,0,0,0,0,0,0,0,0,1,1,1,0,2,1,0,0,0,0,106,3,100,1,5,1,1,1,0,0,0,0,1100,823,-23,25,0,0,0,0,0,0,0,0,0,0,12,72,0
280,2824,353,770,770,890,-84,0,0,0,-105,0,0,0,13,805,975,320,353,0,0,4812,341,120,0,0,0,0,0,0,0,0,0,1,1,1,0,2,1,0,0,0,0,106,3,100,1,5,1,1,1,0,0,0,0,1100,823,-23,25,0,0,0,0,0,0,0,0,0,0,12,72,0
281,2832,354,770,770,904,-76,0,0,0,-104,0,0,0,12,827,981,299,316,0,0,4971,683,120,0,0,0,0,0,0,0,0,0,1,1,1,0,2,1,4,0,116,116,116,3,100,1,5,1,1,1,0,0,0,0,1100,823,-23,25,0,0,0,0,23,59,25,85,0,0,12,72,0
282,2840,355,770,770,908,-26,0,0,0,-105,0,0,0,5,882,934,277,281,0,0,4971,683,120,0,0,0,0,0,0,0,0,0,1,1,1,0,2,1,4,0,116,116,116,3,100,1,5,1,1,1,0,0,0,0,1100,823,-23,25,0,0,0,0,23,59,25,85,0,0,12,72,0
283,2848,356,770,770,908,3,0,0,0,-104,0,0,0,3,912,904,277,281,0,0,4812,683,120,0,0,0,0,0,0,0,0,0,1,1,1,0,2,1,4,0,116,116,116,3,100,1,5,1,1,1,0,0,0,0,1100,823,-23,25,0,0,0,0,23,59,25,85,0,0,12,72,0
284,2856,357,770,770,908,-56,0,0,0,-103,0,0,0,7,852,964,258,248,0,0,4812,342,120,0,0,0,0,0,0,0,0,0,1,1,1,0,2,1,0,0,0,0,112,3,100,1,5,1,1,1,0,0,0,0,1100,823,-23,25,0,0,0,0,0,0,0,0,0,0,12,72,0
285,2864,358,770,770,908,-54,0,0,0,-103,0,0,0,8,854,962,235,226,0,0,4812,342,120,0,0,0,0,0,0,0,0,0,1,1,1,0,2,1,0,0,0,0,112,3,100,1,5,1,1,1,0,0,0,0,1100,823,-23,25,0,0,0,0,0,0,0,0,0,0,12,72,0
286,2872,359,770,770,908,-58,0,0,0,-102,0,0,0,9,850,967,211,206,0,0,6321,705,120,0,0,0,0,0,0,0,0,0,1,1,1,0,2,1,4,0,112,112,112,3,100,1,5,1,1,1,0,0,0,0,1100,823,-23,25,0,0,0,0,23,59,25,85,0,0,12,72,0
287,2880,360,770,770,908,-55,0,0,0,-101,0,0,0,8,852,964,191,189,0,0,6321,705,120,0,0,0,0,0,0,0,0,0,1,1,1,0,2,1,4,0,112,112,112,3,100,1,5,1,1,1,0,0,0,0,1100,823,-23,25,0,0,0,0,23,59,25,85,0,0,12,72,0
288,2888,361,770,770,908,-45,0,0,0,-101,0,0,0,7,862,954,191,189,0,0,4806,705,120,0,0,0,0,0,0,0,0,0,1,1,1,0,2,1,4,0,112,112,112,3,100,1,5,1,1,1,0,0,0,0,1100,823,-23,25,0,0,0,0,23,59,25,85,0,0,12,72,0
289,2896,362,770,770,908,-30,0,0,0,-100,0,0,0,5,878,938,174,170,0,0,4806,339,120,0,0,0,0,0,0,0,0,0,1,1,1,0,2,1,0,0,0,0,108,3,100,1,5,1,1,1,0,0,0,0,1100,823,-23,25,0,0,0,0,0,0,0,0,0,0,12,72,0
290,2904,363,770,770,908,-37,0,0,0,-100,0,0,0,5,871,945,161,152,0,0,4806,339,120,0,0,0,0,0,0,0,0,0,1,1,1,0,2,1,0,0,0,0,108,3,100,1,5,1,1,1,0,0,0,0,1100,823,-23,25,0,0,0,0,0,0,0,0,0,0,12,72,0
291,2912,364,770,770,908,-98,0,0,0,-98,0,0,0,14,810,1007,161,152,0,0,4954,695,120,0,0,0,0,0,0,0,0,0,1,1,1,0,2,1,4,0,92,92,104,3,100,1,5,1,1,1,0,0,0,0,1100,823,-23,25,0,0,0,0,18,54,25,85,0,0,12,72,0
292,2920,365,770,770,908,-122,0,0,0,-97,0,0,0,19,785,1031,161,152,0,0,4954,695,120,0,0,0,0,0,0,0,0,0,1,1,1,0,2,1,4,0,92,92,104,3,100,1,5,1,1,1,0,0,0,0,1100,823,-23,25,0,0,0,0,18,54,25,85,0,0,12,72,0
293,2928,366,770,770,908,-130,0,0,0,-94,0,0,0,20,778,1038,161,152,0,0,4807,695,120,0,0,0,0,0,0,0,0,0,1,1,1,0,2,1,4,0,92,92,104,3,100,1,5,1,1,1,0,0,0,0,1100,823,-23,25,0,0,0,0,18,54,25,85,0,0,12,72,0
294,2936,367,770,770,908,-68,0,0,0,-94,0,0,0,11,840,976,128,116,0,0,4807,339,120,0,0,0,0,0,0,0,0,0,1,1,1,0,2,1,0,0,0,0,100,3,100,1,5,1,1,1,0,0,0,0,1100,823,-23,25,0,0,0,0,0,0,0,0,0,0,12,72,0
295,2944,368,770,770,908,-46,0,0,0,-94,0,0,0,7,861,955,119,107,0,0,4807,339,120,0,0,0,0,0,0,0,0,0,1,1,1,0,2,1,0,0,0,0,100,3,100,1,5,1,1,1,0,0,0,0,1100,823,-23,25,0,0,0,0,0,0,0,0,0,0,12,72,0
296,2952,369,770,770,908,5,0,0,0,-94,0,0,0,3,914,902,111,95,0,0,4955,696,120,0,0,0,0,0,0,0,0,0,1,1,1,0,2,1,4,0,90,90,96,3,100,1,5,1,1,1,0,0,0,0,1100,823,-23,25,0,0,0,0,17,53,25,85,0,0,12,72,0
297,2960,370,770,770,908,0,0,0,0,-93,0,0,0,3,908,908,111,95,0,0,4955,696,120,0,0,0,0,0,0,0,0,0,1,1,1,0,2,1,4,0,90,90,96,3,100,1,5,1,1,1,0,0,0,0,1100,823,-23,25,0,0,0,0,17,53,25,85,0,0,12,72,0
298,2968,371,770,770,908,-57,0,0,0,-92,0,0,0,8,851,965,99,85,0,0,4804,187,120,0,0,0,0,0,0,0,0,0,1,1,1,0,2,1,0,0,0,0,92,3,100,1,5,1,1,1,0,0,0,0,1100,823,-23,25,0,0,0,0,0,0,0,0,0,0,12,72,0
299,2976,372,770,770,908,-102,0,0,0,-90,0,0,0,15,805,1011,88,76,0,0,4804,187,120,0,0,0,0,0,0,0,0,0,1,1,1,0,2,1,0,0,0,0,92,3,100,1,5,1,1,1,0,0,0,0,1100,823,-23,25,0,0,0,0,0,0,0,0,0,0,12,72,0
300,2984,373,770,770,908,-103,0,0,0,-89,0,0,0,16,804,1012,80,70,0,0,4804,187,120,0,0,0,0,0,0,0,0,0,1,1,1,0,2,1,0,0,0,0,92,3,100,1,5,1,1,1,0,0,0,0,1100,823,-23,25,0,0,0,0,0,0,0,0,0,0,12,72,0
301,2992,374,770,770,908,-85,0,0,0,-88,0,0,0,13,823,993,76,65,0,0,6318,700,120,0,0,0,0,0,0,0,0,0,1,1,1,0,2,1,4,0,100,100,100,3,100,1,5,1,1,1,0,0,0,0,1100,823,-23,25,0,0,0,0,22,58,25,85,0,0,12,72,0
302,3000,375,770,770,908,-61,0,0,0,-88,0,0,0,10,846,970,76,65,0,0,6318,700,120,0,0,0,0,0,0,0,0,0,1,1,1,0,2,1,4,0,100,100,100,3,100,1,5,1,1,1,0,0,0,0,1100,823,-23,25,0,0,0,0,22,58,25,85,0,0,12,72,0
303,3008,376,770,770,908,-28,0,0,0,-88,0,0,0,5,880,936,72,60,0,0,4803,190,120,0,0,0,0,0,0,0,0,0,1,1,1,0,2,1,0,0,0,0,96,3,100,1,5,1,1,1,0,0,0,0,1100,823,-23,25,0,0,0,0,0,0,0,0,0,0,12,72,0
304,3016,377,770,770,908,3,0,0,0,-88,0,0,0,0,912,904,67,56,0,0,4803,190,120,0,0,0,0,0,0,0,0,0,1,1,1,0,2,1,0,0,0,0,96,3,100,1,5,1,1,1,0,0,0,0,1100,823,-23,25,0,0,0,0,0,0,0,0,0,0,12,72,0
305,3024,378,770,770,908,0,0,0,0,-88,0,0,0,-1,908,908,63,53,0,0,4803,190,120,0,0,0,0,0,0,0,0,0,1,1,1,0,2,1,0,0,0,0,96,3,100,1,5,1,1,1,0,0,0,0,1100,823,-23,25,0,0,0,0,0,0,0,0,0,0,12,72,0
306,3032,379,770,770,908,-71,0,0,0,-86,0,0,0,10,837,979,63,53,0,0,4953,698,120,0,0,0,0,0,0,0,0,0,1,1,1,0,2,1,4,0,94,94,94,3,100,1,5,1,1,1,0,0,0,0,1100,823,-23,25,0,0,0,0,19,55,25,85,0,0,12,72,0
307,3040,380,770,770,908,-71,0,0,0,-86,0,0,0,11,836,980,58,50,0,0,4953,698,120,0,0,0,0,0,0,0,0,0,1,1,1,0,2,1,4,0,94,94,94,3,100,1,5,1,1,1,0,0,0,0,1100,823,-23,25,0,0,0,0,19,55,25,85,0,0,12,72,0
308,3048,381,770,770,908,8,0,0,0,-86,0,0,0,3,917,900,59,49,0,0,4806,191,120,0,0,0,0,0,0,0,0,0,1,1,1,0,2,1,0,0,0,0,90,3,100,1,5,1,1,1,0,0,0,0,1100,823,-23,25,0,0,0,0,0,0,0,0,0,0,12,72,0
309,3056,382,770,770,908,-28,0,0,0,-86,0,0,0,4,879,937,63,53,0,0,4806,191,120,0,0,0,0,0,0,0,0,0,1,1,1,0,2,1,0,0,0,0,90,3,100,1,5,1,1,1,0,0,0,0,1100,823,-23,25,0,0,0,0,0,0,0,0,0,0,12,72,0
310,3064,383,0,0,908,-28,0,0,0,-85,0,0,0,5,750,950,57,49,0,0,4806,191,120,0,0,0,0,0,0,0,0,0,1,1,1,0,0,1,0,0,0,0,90,3,100,1,5,1,1,1,0,0,0,0,1100,823,-23,25,0,0,0,0,0,0,0,0,0,0,12,72,0
311,3072,384,0,0,908,-28,0,0,0,-84,0,0,0,10,750,950,57,49,0,0,4943,697,120,0,0,0,0,0,0,0,0,0,1,1,1,0,0,1,4,0,92,92,92,3,100,1,5,1,1,1,0,0,0,0,1100,823,-23,25,0,0,0,0,18,54,25,85,0,0,12,72,0
312,3080,385,0,0,908,-28,0,0,0,-83,0,0,0,10,750,950,56,48,0,0,4943,697,120,0,0,0,0,0,0,0,0,0,1,1,1,0,0,1,4,0,92,92,92,3,100,1,5,1,1,1,0,0,0,0,1100,823,-23,25,0,0,0,0,18,54,25,85,0,0,12,72,0
313,3088,386,0,0,908,-28,0,0,0,-82,0,0,0,9,750,950,57,48,0,0,4814,191,120,0,0,0,0,0,0,0,0,0,1,1,1,0,0,1,0,0,0,0,88,3,100,1,5,1,1,1,0,0,0,0,1100,823,-23,25,0,0,0,0,0,0,0,0,0,0,12,72,0
314,3096,387,0,0,908,-28,0,0,0,-81,0,0,0,9,750,950,59,47,0,0,4814,191,120,0,0,0,0,0,0,0,0,0,1,1,1,0,0,1,0,0,0,0,88,3,100,1,5,1,1,1,0,0,0,0,1100,823,-23,25,0,0,0,0,0,0,0,0,0,0,12,72,0
315,3104,388,0,0,908,-28,0,0,0,-81,0,0,0,10,750,950,57,45,0,0,4814,191,120,0,0,0,0,0,0,0,0,0,1,1,1,0,0,1,0,0,0,0,88,3,100,1,5,1,1,1,0,0,0,0,1100,823,-23,25,0,0,0,0,0,0,0,0,0,0,12,72,0
316,3112,389,0,0,908,-28,0,0,0,-80,0,0,0,11,750,950,57,45,0,0,6304,693,120,0,0,0,0,0,0,0,0,0,1,1,1,0,0,1,4,0,94,94,94,3,100,1,5,1,1,1,0,0,0,0,1100,823,-23,25,0,0,0,0,19,55,25,85,0,0,12,72,0
317,3120,390,0,0,908,-28,0,0,0,-79,0,0,0,11,750,950,54,44,0,0,6304,693,120,0,0,0,0,0,0,0,0,0,1,1,1,0,0,1,4,0,94,94,94,3,100,1,5,1,1,1,0,0,0,0,1100,823,-23,25,0,0,0,0,19,55,25,85,0,0,12,72,0
318,3128,391,0,0,908,-28,0,0,0,-78,0,0,0,11,750,950,52,42,0,0,4812,188,120,0,0,0,0,0,0,0,0,0,1,1,1,0,0,1,0,0,0,0,90,3,100,1,5,1,1,1,0,0,0,0,1100,823,-23,25,0,0,0,0,0,0,0,0,0,0,12,72,0
319,3136,392,0,0,908,-28,0,0,0,-77,0,0,0,8,750,950,53,42,0,0,4812,188,120,0,0,0,0,0,0,0,0,0,1,1,1,0,0,1,0,0,0,0,90,3,100,1,5,1,1,1,0,0,0,0,1100,823,-23,25,0,0,0,0,0,0,0,0,0,0,12,72,0
320,3144,393,0,0,908,-28,0,0,0,-77,0,0,0,7,750,950,53,42,0,0,4812,188,120,0,0,0,0,0,0,0,0,0,1,1,1,0,0,1,0,0,0,0,90,3,100,1,5,1,1,1,0,0,0,0,1100,823,-23,25,0,0,0,0,0,0,0,0,0,0,12,72,0
321,3152,394,0,0,908,-28,0,0,0,-76,0,0,0,5,750,950,54,41,0,0,4940,691,120,0,0,0,0,0,0,0,0,0,1,1,1,0,0,1,4,0,96,96,96,3,100,1,5,1,1,1,0,0,0,0,1100,823,-23,25,0,0,0,0,20,56,25,85,0,0,12,72,0
322,3160,395,0,0,908,-28,0,0,0,-76,0,0,0,4,750,950,52,41,0,0,4940,691,120,0,0,0,0,0,0,0,0,0,1,1,1,0,0,1,4,0,96,96,96,3,100,1,5,1,1,1,0,0,0,0,1100,823,-23,25,0,0,0,0,20,56,25,85,0,0,12,72,0
323,3168,396,0,0,908,-28,0,0,0,-76,0,0,0,3,750,950,52,43,0,0,4812,187,120,0,0,0,0,0,0,0,0,0,1,1,1,0,0,1,0,0,0,0,92,3,100,1,5,1,1,1,0,0,0,0,1100,823,-23,25,0,0,0,0,0,0,0,0,0,0,12,72,0
324,3176,397,0,0,908,-28,0,0,0,-75,0,0,0,5,750,950,53,44,0,0,4812,187,120,0,0,0,0,0,0,0,0,0,1,1,1,0,0,1,0,0,0,0,92,3,100,1,5,1,1,1,0,0,0,0,1100,823,-23,25,0,0,0,0,0,0,0,0,0,0,12,72,0
325,3184,398,0,0,908,-28,0,0,0,-75,0,0,0,5,950,750,53,44,0,0,4812,187,120,0,0,0,0,0,0,0,0,0,1,1,1,0,0,1,0,0,0,0,92,3,100,1,5,1,1,1,0,0,0,0,1100,823,-23,25,0,0,0,0,0,0,0,0,0,0,12,72,0
326,3192,399,0,0,908,-28,0,0,0,-75,0,0,0,5,950,750,54,47,0,0,4939,692,120,0,0,0,0,0,0,0,0,0,1,1,1,0,0,1,4,0,96,96,96,3,100,1,5,1,1,1,0,0,0,0,1100,823,-23,25,0,0,0,0,20,56,25,85,0,0,12,72,0
327,3200,400,0,0,908,-28,0,0,0,-74,0,0,0,10,950,750,52,48,0,0,4939,692,120,0,0,0,0,0,0,0,0,0,1,1,1,0,0,1,4,0,96,96,96,3,100,1,5,1,1,1,0,0,0,0,1100,823,-23,25,0,0,0,0,20,56,25,85,0,0,12,72,0
328,3208,401,0,0,908,-28,0,0,0,-71,0,0,0,18,950,750,50,46,0,0,4812,185,120,0,0,0,0,0,0,0,0,0,1,1,1,0,0,1,0,0,0,0,92,3,100,1,5,1,1,1,0,0,0,0,1100,823,-23,25,0,0,0,0,0,0,0,0,0,0,12,72,0
329,3216,402,0,0,908,-28,0,0,0,-69,0,0,0,22,950,750,49,44,0,0,4812,185,120,0,0,0,0,0,0,0,0,0,1,1,1,0,0,1,0,0,0,0,92,3,100,1,5,1,1,1,0,0,0,0,1100,823,-23,25,0,0,0,0,0,0,0,0,0,0,12,72,0
330,3224,403,0,0,908,-28,0,0,0,-67,0,0,0,24,950,750,49,44,0,0,4812,185,120,0,0,0,0,0,0,0,0,0,1,1,1,0,0,1,0,0,0,0,92,3,100,1,5,1,1,1,0,0,0,0,1100,823,-23,25,0,0,0,0,0,0,0,0,0,0,12,72,0
331,3232,404,0,0,908,-28,0,0,0,-64,0,0,0,27,950,750,53,42,0,0,6302,690,120,0,0,0,0,0,0,0,0,0,1,1,1,0,0,1,4,0,96,96,96,3,100,1,5,1,1,1,0,0,0,0,1100,823,-23,25,0,0,0,0,20,56,25,85,0,0,12,72,0
332,3240,405,0,0,908,-28,0,0,0,-63,0,0,0,29,950,750,57,40,0,0,6302,690,120,0,0,0,0,0,0,0,0,0,1,1,1,0,0,1,4,0,96,96,96,3,100,1,5,1,1,1,0,0,0,0,1100,823,-23,25,0,0,0,0,20,56,25,85,0,0,12,72,0
333,3248,406,0,0,908,-28,0,0,0,-60,0,0,0,29,950,750,57,38,0,0,4812,186,120,0,0,0,0,0,0,0,0,0,1,1,1,0,0,1,0,0,0,0,92,3,100,1,5,1,1,1,0,0,0,0,1100,823,-23,25,0,0,0,0,0,0,0,0,0,0,12,72,0
334,3256,407,0,0,908,-28,0,0,0,-57,0,0,0,28,950,750,57,38,0,0,4812,186,120,0,0,0,0,0,0,0,0,0,1,1,1,0,0,1,0,0,0,0,92,3,100,1,5,1,1,1,0,0,0,0,1100,823,-23,25,0,0,0,0,0,0,0,0,0,0,12,72,0
335,3264,408,0,0,908,-28,0,0,0,-55,0,0,0,28,950,750,60,38,0,0,4812,186,120,0,0,0,0,0,0,0,0,0,1,1,1,0,0,1,0,0,0,0,92,3,100,1,5,1,1,1,0,0,0,0,1100,823,-23,25,0,0,0,0,0,0,0,0,0,0,12,72,0
336,3272,409,0,0,908,-28,0,0,0,-52,0,0,0,29,950,750,63,37,0,0,4940,685,120,0,0,0,0,0,0,0,0,0,1,1,1,0,0,1,4,0,92,92,92,3,100,1,5,1,1,1,0,0,0,0,1100,823,-23,25,0,0,0,0,18,54,25,85,0,0,12,72,0
337,3280,410,0,0,908,-28,0,0,0,-51,0,0,0,29,950,750,63,38,0,0,4940,685,120,0,0,0,0,0,0,0,0,0,1,1,1,0,0,1,4,0,92,92,92,3,100,1,5,1,1,1,0,0,0,0,1100,823,-23,25,0,0,0,0,18,54,25,85,0,0,12,72,0
338,3288,411,0,0,908,-28,0,0,0,-48,0,0,0,27,950,750,65,39,0,0,4811,187,120,0,0,0,0,0,0,0,0,0,1,1,1,0,0,1,0,0,0,0,88,3,100,1,5,1,1,1,0,0,0,0,1100,823,-23,25,0,0,0,0,0,0,0,0,0,0,12,72,0
339,3296,412,0,0,908,-28,0,0,0,-46,0,0,0,25,950,750,65,39,0,0,4811,187,120,0,0,0,0,0,0,0,0,0,1,1,1,0,0,1,0,0,0,0,88,3,100,1,5,1,1,1,0,0,0,0,1100,823,-23,25,0,0,0,0,0,0,0,0,0,0,12,72,0
340,3304,413,0,0,908,-28,0,0,0,-45,0,0,0,25,950,750,66,39,0,0,4811,187,120,0,0,0,0,0,0,0,0,0,1,1,1,0,0,1,0,0,0,0,88,3,100,1,5,1,1,1,0,0,0,0,1100,823,-23,25,0,0,0,0,0,0,0,0,0,0,12,72,0
341,3312,414,0,0,908,-28,0,0,0,-42,0,0,0,25,950,750,67,40,0,0,4939,687,120,0,0,0,0,0,0,0,0,0,1,1,1,0,0,1,4,0,88,88,88,3,100,1,5,1,1,1,0,0,0,0,1100,823,-23,25,0,0,0,0,16,52,25,85,0,0,12,72,0
342,3320,415,0,0,908,-28,0,0,0,-41,0,0,0,25,950,750,65,42,0,0,4939,687,120,0,0,0,0,0,0,0,0,0,1,1,1,0,0,1,4,0,88,88,88,3,100,1,5,1,1,1,0,0,0,0,1100,823,-23,25,0,0,0,0,16,52,25,85,0,0,12,72,0
343,3328,416,0,0,908,-28,0,0,0,-38,0,0,0,25,750,950,63,41,0,0,4797,191,120,0,0,0,0,0,0,0,0,0,1,1,1,0,0,1,0,0,0,0,84,3,100,1,5,1,1,1,0,0,0,0,1100,823,-23,25,0,0,0,0,0,0,0,0,0,0,12,72,0
344,3336,417,0,0,908,-28,0,0,0,-35,0,0,0,28,750,950,63,41,0,0,4797,191,120,0,0,0,0,0,0,0,0,0,1,1,1,0,0,1,0,0,0,0,84,3,100,1,5,1,1,1,0,0,0,0,1100,823,-23,25,0,0,0,0,0,0,0,0,0,0,12,72,0
345,3344,418,0,0,908,-28,0,0,0,-34,0,0,0,25,750,950,64,40,0,0,4797,191,120,0,0,0,0,0,0,0,0,0,1,1,1,0,0,1,0,0,0,0,84,3,100,1,5,1,1,1,0,0,0,0,1100,823,-23,25,0,0,0,0,0,0,0,0,0,0,12,72,0
346,3352,419,0,0,908,-28,0,0,0,-33,0,0,0,17,750,950,63,39,0,0,6297,685,120,0,0,0,0,0,0,0,0,0,1,1,1,0,0,1,4,0,92,92,92,3,100,1,5,1,1,1,0,0,0,0,1100,823,-23,25,0,0,0,0,18,54,25,85,0,0,12,72,0
347,3360,420,0,0,908,-28,0,0,0,-33,0,0,0,13,750,950,64,38,0,0,6297,685,120,0,0,0,0,0,0,0,0,0,1,1,1,0,0,1,4,0,92,92,92,3,100,1,5,1,1,1,0,0,0,0,1100,823,-23,25,0,0,0,0,18,54,25,85,0,0,12,72,0
348,3368,421,0,0,908,-28,0,0,0,-32,0,0,0,7,750,950,64,38,0,0,4797,184,120,0,0,0,0,0,0,0,0,0,1,1,1,0,0,1,0,0,0,0,88,3,100,1,5,1,1,1,0,0,0,0,1100,823,-23,25,0,0,0,0,0,0,0,0,0,0,12,72,0
349,3376,422,0,0,908,-28,0,0,0,-33,0,0,0,1,750,950,63,39,0,0,4797,184,120,0,0,0,0,0,0,0,0,0,1,1,1,0,0,1,0,0,0,0,88,3,100,1,5,1,1,1,0,0,0,0,1100,823,-23,25,0,0,0,0,0,0,0,0,0,0,12,72,0
350,3384,423,0,0,908,-28,0,0,0,-33,0,0,0,0,750,950,58,41,0,0,4797,184,120,0,0,0,0,0,0,0,0,0,1,1,1,0,0,1,0,0,0,0,88,3,100,1,5,1,1,1,0,0,0,0,1100,823,-23,25,0,0,0,0,0,0,0,0,0,0,12,72,0
351,3392,424,0,0,908,-28,0,0,0,-33,0,0,0,0,750,950,54,42,0,0,4922,663,120,0,0,0,0,0,0,0,0,0,1,1,1,0,0,1,4,0,64,64,84,3,100,1,5,1,1,1,0,0,0,0,1100,823,-23,25,0,0,0,0,4,40,25,85,0,0,12,72,0
352,3400,425,0,0,908,-28,0,0,0,-33,0,0,0,0,750,950,50,43,0,0,4922,663,120,0,0,0,0,0,0,0,0,0,1,1,1,0,0,1,4,0,64,64,84,3,100,1,5,1,1,1,0,0,0,0,1100,823,-23,25,0,0,0,0,4,40,25,85,0,0,12,72,0
353,3408,426,0,0,908,-28,0,0,0,-32,0,0,0,2,750,950,50,43,0,0,4796,182,120,0,0,0,0,0,0,0,0,0,1,1,1,0,0,1,0,0,0,0,80,3,100,1,5,1,1,1,0,0,0,0,1100,823,-23,25,0,0,0,0,0,0,0,0,0,0,12,72,0
354,3416,427,0,0,908,-28,0,0,0,-32,0,0,0,3,750,950,48,44,0,0,4796,182,120,0,0,0,0,0,0,0,0,0,1,1,1,0,0,1,0,0,0,0,80,3,100,1,5,1,1,1,0,0,0,0,1100,823,-23,25,0,0,0,0,0,0,0,0,0,0,12,72,0
355,3424,428,0,0,908,-28,0,0,0,-32,0,0,0,4,750,950,48,45,0,0,4796,182,120,0,0,0,0,0,0,0,0,0,1,1,1,0,0,1,0,0,0,0,80,3,100,1,5,1,1,1,0,0,0,0,1100,823,-23,25,0,0,0,0,0,0,0,0,0,0,12,72,0
356,3432,429,0,0,908,-28,0,0,0,-31,0,0,0,6,750,950,48,47,0,0,4922,224,120,0,0,0,0,0,0,0,0,0,1,1,1,0,0,1,0,0,0,0,76,3,100,1,5,1,1,1,0,0,0,0,1100,823,-23,25,0,0,0,0,0,0,0,0,0,0,12,72,0
357,3440,430,0,0,908,-28,0,0,0,-31,0,0,0,5,750,950,47,47,0,0,4922,224,120,0,0,0,0,0,0,0,0,0,1,1,1,0,0,1,0,0,0,0,76,3,100,1,5,1,1,1,0,0,0,0,1100,823,-23,25,0,0,0,0,0,0,0,0,0,0,12,72,0
358,3448,431,0,0,908,-28,0,0,0,-29,0,0,0,11,750,950,47,47,0,0,4791,223,120,0,0,0,0,0,0,0,0,0,1,1,1,0,0,1,0,0,0,0,72,3,100,1,5,1,1,1,0,0,0,0,1100,823,-23,25,0,0,0,0,0,0,0,0,0,0,12,72,0
359,3456,432,0,0,908,-28,0,0,0,-28,0,0,0,7,750,950,48,47,0,0,4791,223,120,0,0,0,0,0,0,0,0,0,1,1,1,0,0,1,0,0,0,0,72,3,100,1,5,1,1,1,0,0,0,0,1100,823,-23,25,0,0,0,0,0,0,0,0,0,0,12,72,0
360,3464,433,0,0,908,-28,0,0,0,-29,0,0,0,0,750,950,50,48,0,0,4791,223,120,0,0,0,0,0,0,0,0,0,1,1,1,0,0,1,0,0,0,0,72,3,100,1,5,1,1,1,0,0,0,0,1100,823,-23,25,0,0,0,0,0,0,0,0,0,0,12,72,0
361,3472,434,0,0,908,-28,0,0,0,-28,0,0,0,3,950,750,49,47,0,0,6279,223,120,0,0,0,0,0,0,0,0,0,1,1,1,0,0,1,0,0,0,0,68,3,100,1,5,1,1,1,0,0,0,0,1100,823,-23,25,0,0,0,0,0,0,0,0,0,0,12,72,0
362,3480,435,0,0,908,-28,0,0,0,-27,0,0,0,15,950,750,49,47,0,0,6279,223,120,0,0,0,0,0,0,0,0,0,1,1,1,0,0,1,0,0,0,0,68,3,100,1,5,1,1,1,0,0,0,0,1100,823,-23,25,0,0,0,0,0,0,0,0,0,0,12,72,0
363,3488,436,0,0,908,-28,0,0,0,-25,0,0,0,14,950,750,43,45,0,0,4784,215,120,0,0,0,0,0,0,0,0,0,1,1,1,0,0,1,0,0,0,0,64,3,100,1,5,1,1,1,0,0,0,0,1100,823,-23,25,0,0,0,0,0,0,0,0,0,0,12,72,0
364,3496,437,0,0,908,-28,0,0,0,-22,0,0,0,24,950,750,37,44,0,0,4784,215,120,0,0,0,0,0,0,0,0,0,1,1,1,0,0,1,0,0,0,0,64,3,100,1,5,1,1,1,0,0,0,0,1100,823,-23,25,0,0,0,0,0,0,0,0,0,0,12,72,0
365,3504,438,0,0,908,-28,0,0,0,-20,0,0,0,30,950,750,37,45,0,0,4784,215,120,0,0,0,0,0,0,0,0,0,1,1,1,0,0,1,0,0,0,0,64,3,100,1,5,1,1,1,0,0,0,0,1100,823,-23,25,0,0,0,0,0,0,0,0,0,0,12,72,0
366,3512,439,0,0,908,-28,0,0,0,-16,0,0,0,33,950,750,41,46,0,0,4916,224,120,0,0,0,0,0,0,0,0,0,1,1,1,0,0,1,0,0,0,0,60,3,100,1,5,1,1,1,0,0,0,0,1100,823,-23,25,0,0,0,0,0,0,0,0,0,0,12,72,0
367,3520,440,0,0,908,-28,0,0,0,-15,0,0,0,33,950,750,41,46,0,0,4916,224,120,0,0,0,0,0,0,0,0,0,1,1,1,0,0,1,0,0,0,0,60,3,100,1,5,1,1,1,0,0,0,0,1100,823,-23,25,0,0,0,0,0,0,0,0,0,0,12,72,0
368,3528,441,0,0,908,-28,0,0,0,-11,0,0,0,35,950,750,49,47,0,0,4788,221,120,0,0,0,0,0,0,0,0,0,1,1,1,0,0,1,0,0,0,0,56,3,100,1,5,1,1,1,0,0,0,0,1100,823,-23,25,0,0,0,0,0,0,0,0,0,0,12,72,0
369,3536,442,0,0,908,-28,0,0,0,-7,0,0,0,36,950,750,59,46,0,0,4788,221,120,0,0,0,0,0,0,0,0,0,1,1,1,0,0,1,0,0,0,0,56,3,100,1,5,1,1,1,0,0,0,0,1100,823,-23,25,0,0,0,0,0,0,0,0,0,0,12,72,0
370,3544,443,0,0,908,-28,0,0,0,-5,0,0,0,36,950,750,66,46,0,0,4788,221,120,0,0,0,0,0,0,0,0,0,1,1,1,0,0,1,0,0,0,0,56,3,100,1,5,1,1,1,0,0,0,0,1100,823,-23,25,0,0,0,0,0,0,0,0,0,0,12,72,0
371,3552,444,0,0,908,-28,0,0,0,-2,0,0,0,33,950,750,69,43,0,0,4916,221,120,0,0,0,0,0,0,0,0,0,1,1,1,0,0,1,0,0,0,0,52,3,100,1,5,1,1,1,0,0,0,0,1100,823,-23,25,0,0,0,0,0,0,0,0,0,0,12,72,0
372,3560,445,0,0,908,-28,0,0,0,-1,0,0,0,31,950,750,69,43,0,0,4916,221,120,0,0,0,0,0,0,0,0,0,1,1,1,0,0,1,0,0,0,0,52,3,100,1,5,1,1,1,0,0,0,0,1100,823,-23,25,0,0,0,0,0,0,0,0,0,0,12,72,0
373,3568,446,0,0,908,-28,0,0,0,0,0,0,0,23,950,750,66,36,0,0,4788,225,120,0,0,0,0,0,0,0,0,0,1,1,1,0,0,1,0,0,0,0,48,3,100,1,5,1,1,1,0,0,0,0,1100,823,-23,25,0,0,0,0,0,0,0,0,0,0,12,72,0
374,3576,447,0,0,908,-28,0,0,0,2,0,0,0,20,950,750,61,30,0,0,4788,225,120,0,0,0,0,0,0,0,0,0,1,1,1,0,0,1,0,0,0,0,48,3,100,1,5,1,1,1,0,0,0,0,1100,823,-23,25,0,0,0,0,0,0,0,0,0,0,12,72,0
375,3584,448,0,0,908,-28,0,0,0,3,0,0,0,20,950,750,55,26,0,0,4788,225,120,0,0,0,0,0,0,0,0,0,1,1,1,0,0,1,0,0,0,0,48,3,100,1,5,1,1,1,0,0,0,0,1100,823,-23,25,0,0,0,0,0,0,0,0,0,0,12,72,0
376,3592,449,0,0,908,-28,0,0,0,6,0,0,0,24,950,750,55,26,0,0,6277,221,120,0,0,0,0,0,0,0,0,0,1,1,1,0,0,1,0,0,0,0,44,3,100,1,5,1,1,1,0,0,0,0,1100,823,-23,25,0,0,0,0,0,0,0,0,0,0,12,72,0
377,3600,450,0,0,908,-28,0,0,0,7,0,0,0,25,950,750,47,24,0,0,6277,221,120,0,0,0,0,0,0,0,0,0,1,1,1,0,0,1,0,0,0,0,44,3,100,1,5,1,1,1,0,0,0,0,1100,823,-23,25,0,0,0,0,0,0,0,0,0,0,12,72,0
378,3608,451,0,0,908,-28,0,0,0,10,0,0,0,25,950,750,40,22,0,0,4786,222,120,0,0,0,0,0,0,0,0,0,1,1,1,0,0,1,0,0,0,0,40,3,100,1,5,1,1,1,0,0,0,0,1100,823,-23,25,0,0,0,0,0,0,0,0,0,0,12,72,0
379,3616,452,0,0,908,-28,0,0,0,11,0,0,0,19,750,950,38,21,0,0,4786,222,120,0,0,0,0,0,0,0,0,0,1,1,1,0,0,1,0,0,0,0,40,3,100,1,5,1,1,1,0,0,0,0,1100,823,-23,25,0,0,0,0,0,0,0,0,0,0,12,72,0
380,3624,453,0,0,908,-28,0,0,0,11,0,0,0,15,750,950,39,19,0,0,4786,222,120,0,0,0,0,0,0,0,0,0,1,1,1,0,0,1,0,0,0,0,40,3,100,1,5,1,1,1,0,0,0,0,1100,823,-23,25,0,0,0,0,0,0,0,0,0,0,12,72,0
381,3632,454,0,0,908,-28,0,0,0,11,0,0,0,4,750,950,39,19,0,0,4926,224,120,0,0,0,0,0,0,0,0,0,1,1,1,0,0,1,0,0,0,0,36,3,100,1,5,1,1,1,0,0,0,0,1100,823,-23,25,0,0,0,0,0,0,0,0,0,0,12,72,0
382,3640,455,0,0,908,-28,0,0,0,11,0,0,0,2,750,950,35,15,0,0,4926,224,120,0,0,0,0,0,0,0,0,0,1,1,1,0,0,1,0,0,0,0,36,3,100,1,5,1,1,1,0,0,0,0,1100,823,-23,25,0,0,0,0,0,0,0,0,0,0,12,72,0
383,3648,456,0,0,908,-28,0,0,0,12,0,0,0,4,750,950,30,12,0,0,4797,221,120,0,0,0,0,0,0,0,0,0,1,1,1,0,0,1,0,0,0,0,32,3,100,1,5,1,1,1,0,0,0,0,1100,823,-23,25,0,0,0,0,0,0,0,0,0,0,12,72,0
384,3656,457,0,0,908,-28,0,0,0,11,0,0,0,-1,750,950,25,13,0,0,4797,221,120,0,0,0,0,0,0,0,0,0,1,1,1,0,0,1,0,0,0,0,32,3,100,1,5,1,1,1,0,0,0,0,1100,823,-23,25,0,0,0,0,0,0,0,0,0,0,12,72,0
385,3664,458,0,0,908,-28,0,0,0,11,0,0,0,-4,750,950,22,13,0,0,4797,221,120,0,0,0,0,0,0,0,0,0,1,1,1,0,0,1,0,0,0,0,32,3,100,1,5,1,1,1,0,0,0,0,1100,823,-23,25,0,0,0,0,0,0,0,0,0,0,12,72,0
386,3672,459,0,0,908,-28,0,0,0,9,0,0,0,-10,750,950,22,13,0,0,4924,221,120,0,0,0,0,0,0,0,0,0,1,1,1,0,0,1,0,0,0,0,28,3,100,1,5,1,1,1,0,0,0,0,1100,823,-23,25,0,0,0,0,0,0,0,0,0,0,12,72,0
387,3680,460,0,0,908,-28,0,0,0,9,0,0,0,-10,750,950,19,13,0,0,4924,221,120,0,0,0,0,0,0,0,0,0,1,1,1,0,0,1,0,0,0,0,28,3,100,1,5,1,1,1,0,0,0,0,1100,823,-23,25,0,0,0,0,0,0,0,0,0,0,12,72,0
388,3688,461,0,0,908,-28,0,0,0,8,0,0,0,-11,750,950,19,16,0,0,4794,221,120,0,0,0,0,0,0,0,0,0,1,1,1,0,0,1,0,0,0,0,24,3,100,1,5,1,1,1,0,0,0,0,1100,823,-23,25,0,0,0,0,0,0,0,0,0,0,12,72,0
389,3696,462,0,0,908,-28,0,0,0,6,0,0,0,-15,750,950,20,22,0,0,4794,221,120,0,0,0,0,0,0,0,0,0,1,1,1,0,0,1,0,0,0,0,24,3,100,1,5,1,1,1,0,0,0,0,1100,823,-23,25,0,0,0,0,0,0,0,0,0,0,12,72,0
390,3704,463,0,0,908,-28,0,0,0,5,0,0,0,-16,750,950,20,22,0,0,4794,221,120,0,0,0,0,0,0,0,0,0,1,1,1,0,0,1,0,0,0,0,24,3,100,1,5,1,1,1,0,0,0,0,1100,823,-23,25,0,0,0,0,0,0,0,0,0,0,12,72,0
391,3712,464,0,0,908,-28,0,0,0,3,0,0,0,-15,750,950,20,27,0,0,6283,219,120,0,0,0,0,0,0,0,0,0,1,1,1,0,0,1,0,0,0,0,20,3,100,1,5,1,1,1,0,0,0,0,1100,823,-23,25,0,0,0,0,0,0,0,0,0,0,12,72,0
392,3720,465,0,0,908,-28,0,0,0,3,0,0,0,-13,750,950,20,30,0,0,6283,219,120,0,0,0,0,0,0,0,0,0,1,1,1,0,0,1,0,0,0,0,20,3,100,1,5,1,1,1,0,0,0,0,1100,823,-23,25,0,0,0,0,0,0,0,0,0,0,12,72,0
393,3728,466,0,0,908,-28,0,0,0,2,0,0,0,-7,750,950,20,31,0,0,4792,221,120,0,0,0,0,0,0,0,0,0,1,1,1,0,0,1,0,0,0,0,16,3,100,1,5,1,1,1,0,0,0,0,1100,823,-23,25,0,0,0,0,0,0,0,0,0,0,12,72,0
394,3736,467,0,0,908,-28,0,0,0,3,0,0,0,0,750,950,19,32,0,0,4792,221,120,0,0,0,0,0,0,0,0,0,1,1,1,0,0,1,0,0,0,0,16,3,100,1,5,1,1,1,0,0,0,0,1100,823,-23,25,0,0,0,0,0,0,0,0,0,0,12,72,0
395,3744,468,0,0,908,-28,0,0,0,3,0,0,0,1,750,950,19,32,0,0,4792,221,120,0,0,0,0,0,0,0,0,0,1,1,1,0,0,1,0,0,0,0,16,3,100,1,5,1,1,1,0,0,0,0,1100,823,-23,25,0,0,0,0,0,0,0,0,0,0,12,72,0
396,3752,469,0,0,908,-28,0,0,0,4,0,0,0,3,750,950,17,30,0,0,4923,221,120,0,0,0,0,0,0,0,0,0,1,1,1,0,0,1,0,0,0,0,12,3,100,1,5,1,1,1,0,0,0,0,1100,823,-23,25,0,0,0,0,0,0,0,0,0,0,12,72,0
397,3760,470,0,0,908,-28,0,0,0,4,0,0,0,3,950,750,19,29,0,0,4923,221,120,0,0,0,0,0,0,0,0,0,1,1,1,0,0,1,0,0,0,0,12,3,100,1,5,1,1,1,0,0,0,0,1100,823,-23,25,0,0,0,0,0,0,0,0,0,0,12,72,0
398,3768,471,0,0,908,-28,0,0,0,3,0,0,0,-1,950,750,23,30,0,0,4790,217,120,0,0,0,0,0,0,0,0,0,1,1,1,0,0,1,0,0,0,0,8,3,100,1,5,1,1,1,0,0,0,0,1100,823,-23,25,0,0,0,0,0,0,0,0,0,0,12,72,0
399,3776,472,0,0,908,-28,0,0,0,3,0,0,0,0,950,750,28,30,0,0,4790,217,120,0,0,0,0,0,0,0,0,0,1,1,1,0,0,1,0,0,0,0,8,3,100,1,5,1,1,1,0,0,0,0,1100,823,-23,25,0,0,0,0,0,0,0,0,0,0,12,72,0
400,3784,473,0,0,908,-28,0,0,0,3,0,0,0,0,950,750,28,30,0,0,4790,217,120,0,0,0,0,0,0,0,0,0,1,1,1,0,0,1,0,0,0,0,8,3,100,1,5,1,1,1,0,0,0,0,1100,823,-23,25,0,0,0,0,0,0,0,0,0,0,12,72,0
401,3792,474,0,0,908,-28,0,0,0,3,0,0,0,-2,950,750,31,31,0,0,4923,219,120,0,0,0,0,0,0,0,0,0,1,1,1,0,0,1,0,0,0,0,4,3,100,1,5,1,1,1,0,0,0,0,1100,823,-23,25,0,0,0,0,0,0,0,0,0,0,12,72,0
402,3800,475,0,0,908,-28,0,0,0,3,0,0,0,-4,950,750,33,33,0,0,4923,219,120,0,0,0,0,0,0,0,0,0,1,1,1,0,0,1,0,0,0,0,4,3,100,1,5,1,1,1,0,0,0,0,1100,823,-23,25,0,0,0,0,0,0,0,0,0,0,12,72,0
403,3808,476,0,0,908,-28,0,0,0,2,0,0,0,-7,950,750,35,35,0,0,4792,219,120,0,0,0,0,0,0,0,0,0,1,1,1,0,0,1,0,0,0,0,0,3,100,1,5,1,1,1,0,0,0,0,1100,823,-23,25,0,0,0,0,0,0,0,0,0,0,12,72,0
404,3816,477,0,0,908,-28,0,0,0,1,0,0,0,-5,950,750,35,35,0,0,4792,219,120,0,0,0,0,0,0,0,0,0,1,1,1,0,0,1,0,0,0,0,0,3,100,1,5,1,1,1,0,0,0,0,1100,823,-23,25,0,0,0,0,0,0,0,0,0,0,12,72,0
405,3824,478,0,0,908,-28,0,0,0,1,0,0,0,-3,950,750,36,38,0,0,4792,219,120,0,0,0,0,0,0,0,0,0,1,1,1,0,0,1,0,0,0,0,0,3,100,1,5,1,1,1,0,0,0,0,1100,823,-23,25,0,0,0,0,0,0,0,0,0,0,12,72,0
406,3832,479,0,0,908,-28,0,0,0,2,0,0,0,4,950,750,35,40,0,0,6281,218,120,0,0,0,0,0,0,0,0,0,1,1,1,0,0,1,0,0,0,0,0,3,100,1,5,1,1,1,0,0,0,0,1100,823,-23,25,0,0,0,0,0,0,0,0,0,0,12,72,0
407,3840,480,0,0,908,-28,0,0,0,3,0,0,0,8,950,750,34,40,0,0,6281,218,120,0,0,0,0,0,0,0,0,0,1,1,1,0,0,1,0,0,0,0,0,3,100,1,5,1,1,1,0,0,0,0,1100,823,-23,25,0,0,0,0,0,0,0,0,0,0,12,72,0
